state_code,year,population,PR,at_risk,incidence_cases,AC,AC_5,AC_95,IR,SAF,SAF_5,SAF_95
1,2010,1130433,0.090579854,1028038.544,10802.64981,1081.075279,454.363013,1465.934666,0.01050802,0.100075009,0.04206033,0.135701397
1,2011,1123827,0.088835075,1023991.744,9265.882219,938.9426054,394.4687444,1273.507498,0.009048786,0.10133332,0.042572173,0.137440501
1,2012,1116702,0.089808426,1016412.751,9627.688922,880.8938321,368.7911931,1197.431305,0.009472224,0.091495876,0.038305267,0.124373701
1,2013,1109908,0.092411519,1007339.716,8431.079702,890.4445964,376.5900719,1202.914252,0.008369649,0.105614539,0.044666886,0.142676181
1,2014,1105744,0.091740981,1004301.96,9789.082596,1005.621463,428.5162528,1352.568421,0.009747151,0.102728877,0.043774914,0.138171111
1,2015,1102585,0.084101551,1009855.892,8251.088782,843.0267273,357.6732386,1136.775902,0.008170561,0.102171574,0.043348611,0.137772836
1,2016,1099450,0.080348491,1011110.852,9050.701056,316.4430513,139.6473188,416.1115776,0.008951245,0.034963375,0.015429448,0.045975618
1,2017,1096017,0.077127832,1011483.585,8096.33177,242.5338859,105.6560102,321.4931219,0.008004412,0.029956021,0.013049862,0.039708492
1,2018,1091854,0.073469578,1011635.948,8210.331262,235.4943448,102.2549184,312.7985328,0.008115895,0.028682685,0.012454421,0.038098162
1,2019,1088306,0.073197456,1008644.769,6243.518573,194.9831087,85.22639203,257.9229884,0.006190007,0.031229683,0.013650379,0.041310518
2,2014,186818,0.091740981,169679.1334,1653.88809,46.20612156,20.12234385,61.26151937,0.009747151,0.027937877,0.01216669,0.03704091
2,2015,186144,0.084101551,170489.001,1392.990718,28.73230318,12.26354201,38.57808313,0.008170561,0.020626342,0.00880375,0.027694429
2,2016,186851,0.080348491,171837.8041,1538.162302,42.5837353,18.5113534,56.52252212,0.008951245,0.027684813,0.012034721,0.036746787
2,2017,185410,0.077127832,171109.7287,1369.632837,26.98071939,11.49002822,36.27788927,0.008004412,0.019699235,0.00838913,0.02648731
2,2018,182696,0.073469578,169273.402,1373.805179,28.8947992,12.3457974,38.77065669,0.008115895,0.021032676,0.008986571,0.028221364
2,2019,179983,0.073197456,166808.7022,1032.547099,14.94404146,6.28267677,20.25854151,0.006190007,0.014472988,0.006084639,0.019619968
4,2010,1626330,0.093764775,1473837.534,15487.11461,5046.523841,2345.855419,6437.028274,0.01050802,0.32585307,0.151471431,0.415637673
4,2011,1615952,0.084094079,1480060.005,13392.74634,4655.77835,2187.870092,5901.687428,0.009048786,0.347634326,0.163362318,0.440662974
4,2012,1616731,0.084857255,1479539.646,14014.53046,4802.500465,2257.079125,6086.617548,0.009472224,0.342680083,0.161052782,0.434307633
4,2013,1618036,0.108086692,1443147.842,12078.64068,3846.194832,1784.557097,4911.172382,0.008369649,0.318429444,0.147744862,0.406599758
4,2014,1623723,0.084857255,1485938.324,14483.66483,4789.559525,2246.431408,6077.642841,0.009747151,0.33068699,0.155101035,0.419620511
4,2015,1628633,0.084857255,1490431.675,12177.66235,4635.664807,2258.74696,5758.08296,0.008170561,0.380669514,0.185482804,0.472839761
4,2016,1635218,0.080178713,1504108.325,13463.64227,4655.911874,2275.615975,5766.714402,0.008951245,0.345813694,0.169019343,0.42831756
4,2017,1637162,0.084857255,1498236.927,11992.50627,4136.351099,2018.300229,5127.969751,0.008004412,0.344911314,0.168296783,0.427597838
4,2018,1637600,0.084857255,1498637.76,12162.7869,3985.993011,1920.906861,4976.312272,0.008115895,0.327720369,0.157933118,0.409142437
4,2019,1640236,0.084857255,1501050.076,9291.511058,2797.339656,1324.550525,3527.700766,0.006190007,0.301064018,0.14255491,0.379669221
5,2010,711624,0.090579854,647165.2018,6800.425028,752.0393487,317.0969831,1017.684582,0.01050802,0.11058711,0.046628995,0.149650144
5,2011,711633,0.088835075,648415.0292,5867.368875,694.3544003,293.5921424,937.9700947,0.009048786,0.118341699,0.050038126,0.159862131
5,2012,711139,0.089808426,647272.7257,6131.112036,664.6152127,280.6006423,898.7007324,0.009472224,0.108400435,0.04576668,0.14658038
5,2013,708960,0.092411519,643443.9296,5385.39975,583.5474219,246.000274,789.8018124,0.008369649,0.108357308,0.045679111,0.146656116
5,2014,707060,0.091740981,642193.6217,6259.558035,586.2983092,246.0908694,795.7143967,0.009747151,0.09366449,0.039314416,0.127119901
5,2015,706417,0.084101551,647006.2349,5286.403664,481.0008042,201.545979,653.5138763,0.008170561,0.090988285,0.038125348,0.123621637
5,2016,705926,0.080348491,649205.9113,5811.201231,128.1118827,54.45681815,172.4597577,0.008951245,0.02204568,0.009371009,0.029677127
5,2017,705370,0.077127832,650966.3412,5210.603066,107.0990347,45.39668746,144.4308259,0.008004412,0.020554057,0.008712367,0.027718639
5,2018,702704,0.073469578,651076.6338,5284.069682,104.9704844,44.43523784,141.6799597,0.008115895,0.019865462,0.008409283,0.026812659
5,2019,700155,0.073197456,648905.435,4016.729437,89.13355231,37.93692013,119.8908819,0.006190007,0.022190579,0.009444729,0.029847886
6,2010,9280492,0.074957399,8584850.458,178242.4222,55767.4731,25642.75527,71595.57806,0.020762438,0.3128743,0.143864491,0.401675298
6,2011,9244611,0.074957399,8551659.004,108106.1907,32645.90943,14899.56628,42092.64946,0.012641546,0.301980018,0.137823432,0.389363913
6,2012,9193534,0.087447954,8389578.26,108106.7268,33383.56623,15308.14618,42924.67766,0.012885836,0.308801933,0.141602161,0.397058341
6,2013,9157430,0.088533807,8346687.856,37969.40988,10798.55426,4888.549014,13990.11243,0.004549039,0.284401425,0.128749671,0.368457463
6,2014,9134153,0.088163792,8328851.43,106306.8847,31530.77183,14389.9164,40653.80169,0.012763691,0.296601409,0.135362036,0.382419274
6,2015,9116629,0.071341496,8466235.049,108060.4068,33378.50779,15396.74385,42791.6176,0.012763691,0.30888749,0.142482749,0.395997192
6,2016,9087159,0.076759793,8389630.553,107082.6507,32043.53605,14754.64223,41111.66752,0.012763691,0.299241155,0.137787421,0.383924635
6,2017,9046314,0.061916875,8486194.506,108315.1631,31562.11681,14495.04688,40560.29753,0.012763691,0.29139149,0.133822878,0.374465554
6,2018,8971748,0.06154359,8419594.422,107465.1002,29756.3091,13549.49,38430.01437,0.012763691,0.276892768,0.1260827,0.357604602
6,2019,8894641,0.073155005,8243953.495,105223.2737,28992.09752,13217.92929,37414.63576,0.012763691,0.275529324,0.125617925,0.355573767
8,2010,1227213,0.090579854,1116052.225,11727.49935,2820.390672,1258.8059,3687.321436,0.01050802,0.240493782,0.107337964,0.314416682
8,2011,1232558,0.088835075,1123063.618,10162.36241,2410.546499,1071.20346,3158.598586,0.009048786,0.237203359,0.105408902,0.310813417
8,2012,1236028,0.089808426,1125022.271,10656.46259,2326.769518,1033.448938,3051.034237,0.009472224,0.218343517,0.096978611,0.286308352
8,2013,1240404,0.092411519,1125776.382,9422.353012,2018.340915,894.748929,2649.856563,0.008369649,0.214207737,0.094960243,0.281230873
8,2014,1247350,0.091740981,1132916.887,11042.71167,2201.422899,974.6006756,2893.078955,0.009747151,0.199355282,0.088257369,0.261989903
8,2015,1257335,0.084101551,1151591.177,9409.145521,2047.71905,924.5037955,2663.850101,0.008170561,0.217630713,0.098255872,0.28311286
8,2016,1262977,0.080348491,1161498.704,10396.85958,891.5686702,417.7840223,1132.13232,0.008951245,0.085753651,0.040183675,0.108891758
8,2017,1263102,0.077127832,1165681.681,9330.596926,749.2286821,348.9790033,954.7938996,0.008004412,0.080298044,0.037401573,0.102329348
8,2018,1263756,0.073469578,1170908.38,9502.969622,776.1428622,360.8046052,990.039545,0.008115895,0.081673718,0.037967564,0.104182122
8,2019,1259519,0.073197456,1167325.413,7225.752931,618.9006407,284.7783167,794.5520795,0.006190007,0.085652062,0.039411577,0.109961147
9,2010,814365,0.112287893,722921.6701,6089.61994,1136.897822,492.4696774,1512.668751,0.008423623,0.18669438,0.080870347,0.248401175
9,2011,804601,0.112176394,714343.7614,5493.446207,1118.50547,486.6514204,1484.018239,0.0076902,0.203607249,0.088587637,0.270143401
9,2012,794498,0.120451459,698799.5569,2193.400692,401.6388369,173.6284674,535.0433042,0.003138812,0.183112387,0.079159484,0.243933225
9,2013,782470,0.097896508,705868.9195,2584.233496,544.0238623,238.3593166,718.8009827,0.003661067,0.210516528,0.092235983,0.278148621
9,2014,772709,0.0955122,698905.8638,4463.661212,887.937484,386.4797454,1177.896648,0.006386642,0.198925824,0.086583575,0.263885764
9,2015,761796,0.116698229,672895.7558,8528.06772,1747.906845,763.8935042,2313.003859,0.012673683,0.204959306,0.089574043,0.271222501
9,2016,751855,0.109616283,669439.4497,8528.06772,1142.526796,507.0653529,1497.296446,0.012739117,0.133972529,0.059458411,0.175572767
9,2017,743342,0.128707748,647668.1252,10713.04651,1860.576841,817.5937468,2453.812611,0.016540951,0.173673925,0.076317576,0.229049002
9,2018,735668,0.096390355,664756.7003,5355.885969,848.0443912,368.6484603,1125.763452,0.008056912,0.158338769,0.068830528,0.210191826
9,2019,727440,0.087630063,663694.3871,5347.327006,830.6688619,360.6529318,1103.55243,0.008056912,0.155342821,0.06744546,0.206374592
10,2010,205519,0.090579854,186903.1189,1963.981753,373.2215422,162.0480371,495.8569509,0.01050802,0.190033101,0.08250995,0.252475335
10,2011,204796,0.088835075,186602.932,1688.530009,286.8988245,123.4904805,383.2236979,0.009048786,0.169910409,0.073134904,0.226956996
10,2012,204169,0.089808426,185832.9035,1760.250827,301.1131234,129.6444778,402.1399138,0.009472224,0.171062623,0.073651139,0.228456029
10,2013,203354,0.092411519,184561.748,1544.717023,266.660704,115.2755649,355.2562098,0.008369649,0.172627543,0.074625684,0.229981417
10,2014,203452,0.091740981,184787.1139,1801.147854,306.1973971,132.4201029,407.8337038,0.009747151,0.170001256,0.07351984,0.226429886
10,2015,203772,0.084101551,186634.4588,1524.90816,260.4960516,112.4759942,347.2999386,0.008170561,0.170827371,0.073759192,0.227751381
10,2016,203729,0.080348491,187359.6823,1677.102438,206.5973447,89.66081783,274.5048557,0.008951245,0.123187076,0.053461742,0.163678049
10,2017,203861,0.077127832,188137.643,1505.931287,171.3888148,73.99449782,228.4668949,0.008004412,0.113809187,0.049135375,0.151711368
10,2018,203712,0.073469578,188745.3654,1531.837592,164.4022412,70.73321018,219.6297292,0.008115895,0.107323545,0.046175398,0.143376641
10,2019,203572,0.073197456,188671.0474,1167.875177,127.5210766,54.9424546,170.2087328,0.006190007,0.109190673,0.0470448,0.14574223
11,2010,101265,0.174023936,83642.46613,878.9167255,274.9612839,124.1485555,356.5319977,0.01050802,0.31284111,0.141251784,0.405649349
11,2011,103895,0.125717133,90833.61847,821.9339803,241.4469174,108.2071171,314.4999737,0.009048786,0.293754636,0.131649402,0.382634106
11,2012,107623,0.139167274,92645.40048,877.5579557,266.5425433,119.9179102,346.3684288,0.009472224,0.303732126,0.136649562,0.394695788
11,2013,111942,0.13506387,96822.68032,810.3718356,183.3706593,80.13529566,242.5909567,0.008369649,0.226279655,0.098887069,0.299357586
11,2014,115718,0.144128344,99039.75629,965.3554339,281.62056,126.1126509,367.0042112,0.009747151,0.291727327,0.130638567,0.380175217
11,2015,119066,0.083553904,109117.5709,891.5517279,298.2896931,135.8549767,384.7541661,0.008170561,0.334573625,0.152380364,0.431555628
11,2016,121480,0.125717133,106207.8827,950.6927893,309.6026416,140.5031088,400.2123171,0.008951245,0.325660029,0.147790233,0.420969131
11,2017,124682,0.112876946,110608.2766,885.3542629,246.7026758,109.924091,322.4875751,0.008004412,0.278648543,0.124158312,0.364246933
11,2018,126648,0.108685793,112883.1617,916.1479021,221.9147495,97.54366241,292.5278155,0.008115895,0.242225899,0.106471523,0.319301954
11,2019,128168,0.116370396,113253.039,701.0371482,183.7408048,81.36055634,241.1081544,0.006190007,0.262098528,0.116057411,0.343930639
12,2010,3997512,0.073665494,3703033.305,35849.87304,4129.106678,1744.233991,5581.074857,0.009681218,0.115177721,0.04865384,0.155679069
12,2011,3999141,0.073665494,3704542.304,35864.48198,3997.385443,1686.494882,5407.319523,0.009681218,0.111458056,0.047024097,0.15077088
12,2012,4007746,0.073665494,3712513.412,35941.65202,3922.847068,1652.268283,5312.049627,0.009681218,0.109144874,0.04597085,0.147796479
12,2013,4021965,0.073665494,3725684.963,36069.16868,3368.690683,1411.9621,4575.869762,0.009681218,0.093395296,0.039145956,0.126863743
12,2014,4053007,0.073665494,3754440.238,36347.55477,4089.294271,1736.507798,5510.103874,0.009681218,0.112505347,0.047775093,0.151594898
12,2015,4101879,0.073665494,3799712.058,28795.17451,3441.910954,1477.751437,4606.866734,0.007578252,0.119530825,0.051319412,0.159987457
12,2016,4159352,0.078142582,3834329.495,47348.45015,4878.395055,2127.833976,6464.643173,0.012348561,0.103031779,0.044939887,0.136533364
12,2017,4201903,0.073078807,3894832.94,37706.72713,4269.728114,1868.859789,5644.452577,0.009681218,0.113235182,0.049563034,0.149693516
12,2018,4222005,0.07425218,3908511.925,41208.39508,4166.397149,1816.274296,5522.356264,0.010543244,0.101105543,0.044075347,0.134010467
12,2019,4229929,0.066549145,3948430.841,28861.68826,2747.036528,1194.456308,3646.637668,0.00730966,0.095179343,0.041385531,0.12634873
13,2010,2489665,0.089872798,2265911.841,25620.82078,3438.690695,1466.978647,4619.579558,0.011307069,0.134214697,0.057257285,0.180305682
13,2011,2486136,0.1007937,2235549.154,15114.69469,2020.168591,861.548488,2714.515215,0.006761066,0.133655931,0.057000721,0.179594446
13,2012,2484033,0.107774925,2216316.531,11891.26351,1501.337895,638.1907132,2021.424934,0.005365327,0.12625554,0.053668873,0.169992443
13,2013,2483113,0.107080296,2217220.526,11896.11374,1408.926953,595.9557012,1902.780271,0.005365327,0.118435901,0.050096671,0.159949738
13,2014,2488137,0.101462013,2235685.613,11895.62409,1633.122012,704.8496188,2179.558387,0.005320795,0.137287628,0.059252849,0.183223542
13,2015,2497665,0.110924232,2220613.428,11896.09858,1542.534395,669.2391027,2052.640933,0.005357123,0.129667251,0.056257024,0.172547404
13,2016,2508493,0.088260031,2287093.331,12271.00421,661.2885688,301.0860525,853.1839019,0.005365327,0.053890338,0.024536382,0.06952845
13,2017,2511410,0.090891798,2283143.43,12249.8117,605.2213615,272.6215805,785.9312771,0.005365327,0.049406585,0.022255165,0.064158641
13,2018,2506877,0.075562163,2317451.951,12433.88815,585.7028568,262.3644534,763.1420607,0.005365327,0.047105366,0.021100757,0.061375979
13,2019,2503881,0.1007937,2251505.57,12080.06423,574.3179569,257.6169276,747.6817152,0.005365327,0.047542624,0.021325791,0.061893853
15,2010,303872,0.110265449,270365.4176,4738.572446,224.8021179,93.16639421,307.5552648,0.017526548,0.047440895,0.019661279,0.064904624
15,2011,305893,0.108658801,272655.0333,3829.841533,156.9510335,64.78967089,215.2749856,0.014046473,0.040981078,0.016917063,0.056209894
15,2012,307375,0.111254655,273178.1004,2522.361332,99.61538481,41.09748835,136.6843507,0.009233395,0.039492908,0.01629326,0.054189045
15,2013,308747,0.127695636,269321.3555,2522.361332,109.9464785,45.44766964,150.6717033,0.009365619,0.043588711,0.018017906,0.059734385
15,2014,307906,0.160045202,258627.122,3027.501033,148.6221204,61.59035633,203.3418371,0.011706046,0.049090692,0.020343629,0.067164911
15,2015,308172,0.099092092,277634.5917,3250.003352,157.5123767,65.26071707,215.5347075,0.011706046,0.048465297,0.0200802,0.066318303
15,2016,307166,0.102337552,275731.3835,3227.724309,175.0966768,72.7266717,239.2144201,0.011706046,0.054247718,0.022531872,0.074112408
15,2017,305161,0.097821522,275309.6866,3222.787905,195.6640563,81.52679146,266.7715251,0.011706046,0.060712669,0.025296977,0.082776631
15,2018,302742,0.101791862,271925.328,3183.170447,171.0895595,71.00756967,233.8547681,0.011706046,0.053748162,0.022307184,0.07346599
15,2019,299868,0.074291645,277590.313,3249.485024,183.901094,76.42264446,251.1594809,0.011706046,0.05659392,0.023518386,0.077292088
16,2010,429231,0.090579854,390351.3186,4101.819549,533.8605779,226.4648876,719.6601614,0.01050802,0.130152137,0.055210836,0.175449006
16,2011,428805,0.088835075,390712.0757,3535.469983,504.524942,215.0458232,678.0817822,0.009048786,0.142703783,0.060825244,0.191793958
16,2012,427830,0.089808426,389407.2611,3688.552677,507.3803689,216.2703457,681.9589756,0.009472224,0.137555408,0.058632847,0.184885248
16,2013,428752,0.092411519,389130.3765,3256.884611,468.3706384,200.1126642,628.5972556,0.008369649,0.143809405,0.06144297,0.193005688
16,2014,431002,0.091740981,391461.4536,3815.633797,513.3939012,219.2049088,689.3706234,0.009747151,0.134550098,0.057449148,0.180670017
16,2015,433551,0.084101551,397088.6886,3244.437202,454.732064,194.2992953,610.2914213,0.008170561,0.140157456,0.059886903,0.18810394
16,2016,437730,0.080348491,402559.0551,3603.404769,174.1583499,75.25466271,232.0340807,0.008951245,0.048331609,0.020884321,0.06439301
16,2017,442490,0.077127832,408361.7056,3268.695508,234.4341159,104.8587927,305.7310994,0.008004412,0.071721002,0.032079707,0.093533062
16,2019,448201,0.073197456,415393.8269,2571.290857,103.6993628,44.30612156,139.1448145,0.006190007,0.04032969,0.017231081,0.05411477
17,2010,3123233,0.097483462,2818769.434,29619.68621,8273.491289,3779.06706,10668.21211,0.01050802,0.27932407,0.12758633,0.360173029
17,2011,3092412,0.073595409,2864824.675,25923.18558,6797.919543,3086.4035,8797.200694,0.009048786,0.262233186,0.119059577,0.339356468
17,2012,3059371,0.09320023,2774236.918,26278.19262,6882.660935,3115.29802,8922.084014,0.009472224,0.261915309,0.118550696,0.339524264
17,2013,3024759,0.073595409,2802150.626,23453.01678,5883.006529,2646.947565,7652.705149,0.008369649,0.250842209,0.112861709,0.326299393
17,2014,2992357,0.083273547,2743172.818,26738.11896,6382.995546,2860.909254,8322.029899,0.009747151,0.238722685,0.106997402,0.31124216
17,2015,2961889,0.073952977,2742848.492,22410.60987,4783.456008,2123.14592,6273.207533,0.008170561,0.213446043,0.094738427,0.279921322
17,2016,2929827,0.07323784,2715252.798,24304.8933,3252.122948,1474.725111,4206.124716,0.008951245,0.133805276,0.060676058,0.173056704
17,2017,2895982,0.056989263,2730942.121,21859.58703,2649.565716,1187.22231,3451.742851,0.008004412,0.121208407,0.054311287,0.157905218
17,2018,2855050,0.060048061,2683609.782,21779.89557,2928.813246,1329.095394,3786.30705,0.008115895,0.134473246,0.061023956,0.173844132
17,2019,2817875,0.068978361,2623502.601,16239.50048,2103.243036,950.2439932,2726.332152,0.006190007,0.129514023,0.058514361,0.167882759
18,2010,1606162,0.088835034,1463478.544,17194.3411,2841.021658,1220.915881,3798.875284,0.011748953,0.165230039,0.071006843,0.220937532
18,2011,1598429,0.079577017,1471230.789,19190.95189,2947.092631,1261.031202,3951.373356,0.013044148,0.153566777,0.065709674,0.205897726
18,2012,1589767,0.079577017,1463258.085,13108.30161,2016.566365,862.104476,2705.152333,0.008958298,0.153838874,0.065767824,0.2063694
18,2013,1586023,0.079644365,1459705.205,18365.89867,2833.032901,1213.546762,3795.988175,0.012581923,0.154255065,0.066076089,0.206686765
18,2014,1582047,0.079509669,1456258.967,18365.89867,2848.447949,1229.515574,3799.860642,0.012611698,0.155094395,0.066945571,0.206897616
18,2015,1578188,0.074986744,1459844.82,24860.16435,3670.011751,1579.720781,4904.214435,0.01702932,0.147626206,0.063544261,0.197272004
18,2016,1575894,0.081831406,1446936.378,5073.155942,320.0809823,139.662439,423.9559627,0.003506136,0.06309307,0.027529696,0.083568486
18,2017,1572900,0.068711078,1464824.345,5073.155942,314.4759082,137.3905043,416.1763817,0.00346332,0.06198822,0.027081861,0.082035007
18,2018,1570622,0.086866323,1434187.842,5073.155942,338.2375574,148.5957297,446.084781,0.003537302,0.066672021,0.02929059,0.08793043
18,2019,1567974,0.067057858,1462829.022,17186.70991,1013.829504,440.7023863,1345.851832,0.011748953,0.058989156,0.025642045,0.078307706
19,2010,728224,0.090579854,662261.5762,6959.058035,856.6804397,362.0739134,1157.492974,0.01050802,0.123102931,0.052029156,0.166328973
19,2011,726285,0.088835075,661765.4177,5988.173685,738.652872,312.1550949,998.0846668,0.009048786,0.123351945,0.052128597,0.166675972
19,2012,724758,0.089808426,659668.6247,6248.528764,827.3319653,350.4836162,1116.165014,0.009472224,0.132404282,0.056090582,0.178628451
19,2013,726370,0.092411519,659245.0451,5517.649538,688.1518509,291.4179849,928.6723279,0.008369649,0.124718296,0.052815603,0.168309408
19,2014,728706,0.091740981,661853.7965,6451.188722,738.2452218,311.7131491,998.1380439,0.009747151,0.114435533,0.048318715,0.154721569
19,2015,729839,0.084101551,668458.4084,5461.679948,564.2312324,237.4648123,764.4506818,0.008170561,0.103307268,0.043478346,0.139966217
19,2016,730843,0.080348491,672120.8679,6016.318625,193.9060492,82.47317222,260.9370874,0.008951245,0.032230017,0.013708245,0.043371554
19,2017,731611,0.077127832,675183.4297,5404.44663,146.8029166,61.90608047,198.6252012,0.008004412,0.027163358,0.011454657,0.036752181
19,2018,729325,0.073469578,675741.8001,5484.249586,148.2878584,62.51119529,200.6773364,0.008115895,0.02703886,0.011398313,0.036591576
19,2019,726841,0.073197456,673638.0877,4169.82474,83.03913201,34.97439645,112.4397075,0.006190007,0.019914298,0.008387498,0.026965092
20,2010,727489,0.075283137,672721.3461,4647.498987,632.7124638,269.0934746,851.5598003,0.006908505,0.13614042,0.057900706,0.18322969
20,2011,726557,0.088325594,662383.4213,4431.683221,668.2348073,285.3789489,897.0010902,0.00669051,0.150785779,0.06439516,0.20240641
20,2012,726376,0.104166171,650712.1936,3152.765278,447.4494317,190.4946987,601.8060229,0.004845099,0.141922849,0.060421466,0.190881962
20,2013,724239,0.092608897,657168.025,4468.419171,604.5472475,256.8825506,814.0934596,0.006799508,0.135293316,0.057488463,0.182188248
20,2014,722347,0.083747543,661852.2138,7734.752474,956.0549281,404.8788875,1290.189695,0.011686525,0.12360511,0.052345423,0.166804264
20,2015,720680,0.088325594,657025.5108,7734.731058,904.1886179,381.8659426,1222.313786,0.011772345,0.116899813,0.049370294,0.158029255
20,2016,716900,0.089210194,652945.2121,5601.300604,204.3280644,86.86988544,275.0576809,0.008578515,0.036478682,0.015508878,0.049106038
20,2017,711857,0.093782906,645096.9819,3467.870151,126.2223084,53.58801646,170.0574664,0.005375735,0.036397645,0.015452717,0.049038014
20,2018,705496,0.076195209,651740.5845,3467.870151,126.9694718,53.92377491,171.0269203,0.005320936,0.036613099,0.015549537,0.049317568
20,2019,700250,0.086762379,639494.6439,4348.248877,132.6969172,55.89540832,179.6726778,0.006799508,0.030517323,0.012854694,0.041320698
21,2010,1023533,0.106161259,914873.4477,9613.50869,1281.389071,544.6428002,1725.261223,0.01050802,0.133290468,0.056653904,0.17946218
21,2011,1021798,0.101972768,917602.43,8303.188074,996.9212965,421.9398111,1345.868865,0.009048786,0.120064882,0.050816603,0.162090615
21,2012,1018473,0.101972768,914616.4895,8663.451964,1005.090999,425.3393773,1357.073724,0.009472224,0.116015071,0.049095831,0.156643533
21,2013,1017072,0.101972768,913358.3533,7644.488697,974.2539061,417.1207902,1306.284009,0.008369649,0.127445267,0.054564904,0.170879186
21,2014,1014601,0.107910886,905114.5075,8822.287542,1043.270534,445.9252755,1400.323702,0.009747151,0.118253971,0.050545312,0.158725693
21,2015,1012672,0.101972768,909407.0335,7430.365296,899.85892,387.0051226,1203.483418,0.008170561,0.12110561,0.052084266,0.161968271
21,2016,1011692,0.078265343,932511.5785,8347.139697,515.9194957,227.758377,678.6014054,0.008951245,0.061807938,0.027285799,0.081297478
21,2017,1010420,0.101972768,907384.6762,7263.081171,424.9991463,187.141746,559.9039623,0.008004412,0.058514993,0.025766165,0.077089041
21,2018,1007203,0.058797808,947981.6711,7693.719829,433.7270434,191.62528,570.2246568,0.008115895,0.056374167,0.024906714,0.074115599
21,2019,1002871,0.101972768,900605.4686,5574.754504,340.2582061,150.0031158,447.9433047,0.006190007,0.06103555,0.026907573,0.080352113
22,2010,1117831,0.082883838,1025180.877,10772.62138,1559.250967,669.095893,2087.217961,0.01050802,0.144742019,0.062110778,0.193752095
22,2011,1116157,0.081479811,1025212.738,9276.930732,1378.056592,590.5813661,1846.026893,0.009048786,0.148546608,0.063661289,0.198991126
22,2012,1113884,0.081479811,1023124.942,9691.268297,1372.736728,587.1838584,1841.097693,0.009472224,0.141646757,0.060588959,0.189974897
22,2013,1112430,0.078099283,1025550.014,8583.493506,1134.191224,482.6274442,1526.058888,0.008369649,0.132136318,0.056227391,0.177789951
22,2014,1113756,0.080075785,1024571.114,9986.649095,1268.754256,540.2665689,1706.459796,0.009747151,0.127045042,0.054098884,0.170874112
22,2015,1114969,0.087220222,1017721.156,8315.352398,1037.755974,441.4225374,1396.748531,0.008170561,0.124799999,0.053085247,0.167972259
22,2016,1114121,0.081479811,1023342.631,9160.190712,535.475244,229.8114392,716.5844324,0.008951245,0.058456779,0.025088063,0.078228113
22,2017,1107332,0.081479811,1017106.798,8141.342283,438.556547,187.3942503,588.5074267,0.008004412,0.053867843,0.023017611,0.07228629
22,2018,1096754,0.081479811,1007390.691,8175.877206,431.2722607,184.1040101,579.0778998,0.008115895,0.052749356,0.022517952,0.070827617
22,2019,1087630,0.081479811,999010.1129,6183.879979,328.3152825,140.209643,440.7232218,0.006190007,0.053092118,0.022673409,0.071269692
23,2010,273399,0.076717518,252424.5073,2984.92929,238.1780873,100.2789256,322.6778031,0.011825038,0.079793544,0.033595076,0.108102327
23,2011,269110,0.076717518,248464.5488,1499.11307,125.3606234,52.73733559,169.912911,0.006033509,0.083623194,0.035179025,0.113342292
23,2012,265098,0.076717518,244760.3394,1476.76369,122.1550221,51.43071123,165.4886125,0.006033509,0.082718056,0.034826636,0.112061675
23,2013,262010,0.076717518,241909.2431,1459.561575,122.8147438,51.43438531,166.9228819,0.006033509,0.084144956,0.035239613,0.114365084
23,2014,259644,0.076717518,239724.7568,1446.381457,109.3894366,45.60306776,149.1023988,0.006033509,0.075629728,0.031529074,0.103086498
23,2015,256340,0.076717518,236674.2315,1018.309885,85.39955647,35.76806004,116.0639492,0.00430258,0.083864016,0.035124927,0.113977043
23,2016,254497,0.073434907,235808.0364,1402.261126,41.26236965,17.25494426,56.13029803,0.005946621,0.029425596,0.012305086,0.040028421
23,2017,252622,0.080000129,232412.2075,1402.261126,48.86951754,20.5834568,66.17627375,0.006033509,0.034850512,0.014678762,0.047192547
23,2018,250303,0.073339935,231945.7942,1786.212366,64.17537259,27.05780431,86.8465397,0.007700991,0.035928187,0.015148145,0.048620501
23,2019,248842,0.093507263,225573.4656,1360.999515,42.84098918,17.98041526,58.14333402,0.006033509,0.031477593,0.013211184,0.042721054
24,2010,1352627,0.118252007,1192676.143,9989.521796,1851.9839,803.0714866,2462.788737,0.00837572,0.185392648,0.080391384,0.2465372
24,2011,1349598,0.104854783,1208086.195,5256.206983,926.4395587,401.0759076,1233.352733,0.004350854,0.176256293,0.076305197,0.234646911
24,2012,1347203,0.102362848,1209299.464,7970.655271,1381.799189,597.2295169,1841.36016,0.006591134,0.173360802,0.074928534,0.231017413
24,2013,1344085,0.107346717,1199801.888,25705.13625,3967.252366,1700.692992,5313.387311,0.021424484,0.154336951,0.066161602,0.206705277
24,2014,1346664,0.096295535,1216986.27,25705.13625,4366.235012,1889.465367,5814.55779,0.021121961,0.169858466,0.073505363,0.226202177
24,2015,1346113,0.104854783,1204966.614,25705.13625,4467.938364,1934.626953,5947.598349,0.021332654,0.173815004,0.075262272,0.231377818
24,2016,1345550,0.104854783,1204462.647,17764.42752,1858.401668,824.2123087,2437.250572,0.014748841,0.104613654,0.046396784,0.137198374
24,2017,1343930,0.104854783,1203012.512,17743.03971,1689.711533,743.5786935,2226.572269,0.014748841,0.095232359,0.041908191,0.125489899
24,2018,1339438,0.104854783,1198991.52,17683.73473,1612.610726,708.120009,2127.862017,0.014748841,0.091191751,0.040043578,0.120328768
24,2019,1334687,0.104854783,1194738.685,17621.01035,1590.327423,698.6654956,2097.98955,0.014748841,0.090251773,0.039649571,0.119061819
25,2010,1417502,0.090579854,1289104.875,13545.9401,2514.262322,1095.19191,3334.961594,0.01050802,0.185610028,0.080850196,0.246196393
25,2011,1410035,0.088835075,1284774.435,11625.649,2629.542374,1159.02934,3461.884969,0.009048786,0.226184566,0.099695883,0.297779932
25,2012,1403432,0.089808426,1277391.981,12099.74256,2333.643299,1018.84903,3091.019899,0.009472224,0.192867186,0.084204191,0.255461625
25,2013,1398069,0.092411519,1268871.32,10620.0074,1981.288717,860.085195,2633.10406,0.008369649,0.186561896,0.08098725,0.247938063
25,2014,1392767,0.091740981,1264993.189,12330.0793,2240.115218,972.7762341,2976.672897,0.009747151,0.181678898,0.078894564,0.241415552
25,2015,1385700,0.084101551,1269160.481,10369.75265,1910.166373,828.9072248,2539.164883,0.008170561,0.184205587,0.079935101,0.244862628
25,2016,1378299,0.080348491,1267554.755,11346.19329,1041.906103,452.9977939,1383.404883,0.008951245,0.091828693,0.03992509,0.121926786
25,2017,1373273,0.077127832,1267355.431,10144.43555,876.531842,379.8498784,1166.164358,0.008004412,0.086405186,0.037444161,0.114956062
25,2018,1364785,0.073469578,1264514.822,10262.66969,1358.497491,588.2350161,1808.027902,0.008115895,0.132372719,0.057317933,0.176175202
25,2019,1352800,0.073197456,1253778.481,7760.898061,982.6356125,424.0721451,1310.505982,0.006190007,0.126613648,0.054642149,0.168860095
26,2010,2334175,0.111704828,2073436.384,32539.83485,5250.692734,2259.471623,7015.473585,0.015693674,0.161361997,0.069437096,0.215596472
26,2011,2301756,0.099731446,2072198.545,25117.53776,4492.751191,1974.450785,5930.337833,0.012121202,0.178869093,0.078608453,0.23610347
26,2012,2272804,0.094248156,2058596.413,15198.74233,2656.238934,1162.013246,3515.323971,0.007383061,0.174767022,0.076454566,0.231290451
26,2013,2249312,0.109229534,2003620.697,20401.57628,3512.517621,1533.457513,4654.091967,0.010182355,0.172168933,0.075163678,0.228124136
26,2014,2230079,0.102052566,2002493.717,22945.09502,3682.960009,1594.403619,4904.03428,0.011458261,0.160511866,0.069487776,0.21372909
26,2015,2209035,0.077095174,2038729.063,18002.1143,2916.525052,1270.428972,3869.853358,0.008830067,0.16201014,0.070571098,0.214966603
26,2016,2193921,0.08854935,1999650.722,20934.08152,1326.147713,596.9878868,1722.983508,0.010468869,0.063348741,0.02851751,0.082305188
26,2017,2180747,0.087461271,1990016.096,19061.55271,1169.589898,524.4485672,1523.197997,0.009578592,0.061358585,0.027513423,0.07990944
26,2018,2162182,0.08552849,1977253.839,18949.85183,1105.734161,492.6896826,1445.590361,0.009583925,0.058350544,0.025999659,0.076285048
26,2019,2143933,0.0776841,1977383.494,11266.55513,697.4149832,309.9260406,913.3849623,0.005697709,0.061901351,0.027508501,0.081070474
27,2010,1283281,0.052731498,1215611.671,7007.340841,1000.174352,427.1003297,1342.710533,0.005764457,0.142732368,0.060950415,0.191614846
27,2011,1280876,0.052731498,1213333.49,6994.208367,1000.745069,427.6236051,1342.967305,0.005764457,0.143081964,0.061139672,0.192011338
27,2012,1277502,0.052731498,1210137.406,6975.784679,1022.952103,437.0142071,1372.894313,0.005764457,0.146643303,0.062647319,0.196808585
27,2013,1278697,0.052731498,1211269.392,6982.309963,1062.25955,457.4805918,1418.833564,0.005764457,0.152135834,0.065519949,0.203204036
27,2014,1282686,0.052731498,1215048.046,5560.965701,880.4310962,381.8295934,1171.116877,0.004576746,0.158323418,0.068662462,0.210595954
27,2015,1285301,0.062764452,1204629.787,7624.308993,1104.289912,476.2011237,1473.912053,0.006329172,0.144838032,0.062458267,0.193317461
27,2016,1292129,0.068443175,1203691.589,8247.852974,596.5928248,260.0685146,790.6460369,0.006852131,0.072333106,0.031531662,0.095860831
27,2017,1299518,0.045147884,1240847.513,8526.257328,649.4733149,284.844236,857.556911,0.006871318,0.076173318,0.033407886,0.100578352
27,2018,1302437,0.052731498,1233757.547,6415.22032,475.522487,207.490722,629.8083622,0.005199742,0.074124108,0.032343507,0.098174081
27,2019,1303157,0.051054154,1236625.421,4875.360012,363.518118,158.9368067,480.893353,0.003942471,0.074562313,0.032600014,0.098637506
28,2010,753561,0.086952976,688036.6283,11396.75162,962.4407838,401.8911955,1310.427412,0.016564164,0.084448693,0.035263662,0.114982537
28,2011,747654,0.088438533,681532.5772,6634.326529,616.8926669,258.3992202,838.2876486,0.009734423,0.092984972,0.038948825,0.126356103
28,2012,741797,0.098501274,668729.0505,5351.470302,440.9913279,183.9490212,600.8479456,0.008002449,0.082405639,0.034373548,0.112277171
28,2013,735536,0.116827635,649605.069,5351.484853,472.583881,197.399372,643.3202046,0.008238059,0.088308926,0.036886841,0.120213403
28,2014,731416,0.116243243,646393.832,8831.043988,673.8821244,280.5160884,919.3683139,0.013662018,0.076308319,0.031764771,0.104106413
28,2015,726342,0.088438533,662105.3792,6445.213962,524.5724172,218.7142159,714.93739,0.009734423,0.08138945,0.033934361,0.110925315
28,2016,720957,0.065139812,673993.9968,6560.942797,85.44825897,35.78735045,116.1182758,0.009734423,0.013023777,0.005454605,0.017698413
28,2017,714501,0.113631163,633311.4203,6164.921381,85.08352711,35.75696053,115.3726787,0.009734423,0.013801235,0.005800068,0.01871438
28,2018,706663,0.064944241,660769.308,6432.20808,89.4786356,37.62488987,121.2895989,0.009734423,0.013911029,0.005849452,0.018856604
28,2019,698583,0.076367393,645234.0374,6280.981182,87.65258402,36.88293407,118.7616753,0.009734423,0.013955237,0.005872161,0.018908141
29,2010,1423978,0.109102196,1268618.873,13330.67277,2105.603545,909.4344585,2807.333652,0.01050802,0.157951784,0.068221197,0.210592046
29,2011,1414027,0.086439514,1291799.194,11689.21453,1709.745493,734.8403152,2286.675172,0.009048786,0.146266927,0.062864816,0.195622654
29,2012,1404815,0.100545907,1263566.601,11968.78547,1809.615035,779.2979496,2417.061678,0.009472224,0.151194542,0.065110863,0.201947113
29,2013,1397707,0.076606205,1290633.971,10802.15314,1564.800233,672.2332686,2093.33855,0.008369649,0.14486003,0.062231414,0.193789009
29,2014,1393170,0.112031711,1237090.781,12058.11032,1681.422183,721.2336282,2251.421511,0.009747151,0.139443258,0.059813156,0.18671429
29,2015,1389727,0.086439514,1269599.674,10373.3411,1404.710781,604.7694839,1876.765104,0.008170561,0.135415462,0.058300356,0.18092195
29,2016,1386221,0.086336756,1266539.175,11337.10259,856.1718331,375.1742186,1130.781292,0.008951245,0.075519457,0.033092602,0.099741648
29,2017,1382921,0.096694087,1249200.717,9999.11773,685.9973279,298.3891238,910.205375,0.008004412,0.068605786,0.029841545,0.091028569
29,2018,1376684,0.083803704,1261312.782,10236.68227,668.8256239,290.0522997,889.0924385,0.008115895,0.065336171,0.0283346,0.086853574
29,2019,1370585,0.069432748,1275421.517,7894.868614,491.1756455,212.2629337,654.3637329,0.006190007,0.062214543,0.02688619,0.082884689
30,2010,223389,0.068882242,208001.4648,1202.792374,132.4485295,55.74980616,179.4224678,0.005782615,0.110117533,0.046350316,0.149171604
30,2011,223103,0.06752451,208038.0792,1667.138563,191.2643681,80.65652739,258.7940726,0.008013622,0.114726138,0.048380218,0.155232491
30,2012,222868,0.076506201,205817.2161,4661.732713,474.4100402,199.1684791,643.730121,0.022649868,0.10176689,0.042724131,0.138088166
30,2013,224371,0.081993372,205974.0652,4661.732713,468.4365871,196.6637407,635.626192,0.02263262,0.10048551,0.042186833,0.136349772
30,2014,225473,0.071141689,209432.47,4661.732713,412.8642186,172.6456169,561.6373656,0.022258882,0.088564541,0.037034645,0.120478243
30,2015,226514,0.063287442,212178.5084,4722.856458,383.4119114,159.8730479,522.5192144,0.022258882,0.081182207,0.033850922,0.110636268
30,2016,227821,0.057874883,214635.8863,4777.554945,18.42218859,7.552399865,25.38096366,0.022258882,0.003855987,0.001580809,0.005312542
30,2017,229200,0.085660149,209566.6939,4664.720388,24.33129085,10.0066604,33.45341715,0.022258882,0.005216023,0.002145179,0.00717158
30,2018,228749,0.053243618,216569.5757,4820.596709,17.78094861,7.280067292,24.51804444,0.022258882,0.003688537,0.0015102,0.005086102
30,2019,228588,0.066942224,213285.8109,4747.503776,17.32412817,7.092887801,23.88845641,0.022258882,0.003649103,0.001494025,0.005031793
31,2010,459739,0.060849239,431764.2317,3720.930583,503.7463294,214.1933568,678.0644456,0.008617969,0.135381813,0.057564459,0.182229803
31,2011,460842,0.062024157,432258.6633,4225.824309,606.5475686,258.4175268,815.398879,0.009776147,0.143533551,0.061151981,0.192956171
31,2012,462481,0.069152129,430499.4544,4753.297677,735.8191167,314.5640991,987.0538603,0.011041356,0.154801817,0.066178077,0.207656648
31,2013,464550,0.065550361,434098.58,3735.998838,509.4153608,216.3549627,686.1666757,0.008606337,0.13635319,0.057910875,0.183663514
31,2014,467363,0.061364658,438683.4293,4104.00312,530.4242337,225.0533466,714.9375007,0.009355273,0.129245573,0.054837518,0.174204912
31,2015,470580,0.066072141,439487.7717,2780.966892,325.9781484,137.6481257,440.7001311,0.006327746,0.117217558,0.049496499,0.158470111
32,2010,663320,0.085664458,606497.0519,6373.083286,1558.82863,687.6069363,2050.549068,0.01050802,0.244595678,0.107892351,0.321751494
32,2011,657704,0.069567497,611949.1788,5537.397197,1348.368199,594.3605188,1774.4397,0.009048786,0.243502164,0.107335721,0.320446527
32,2012,655360,0.064147606,613320.225,5809.506355,1763.572447,801.2690633,2278.858573,0.009472224,0.303566661,0.137923778,0.39226372
32,2013,656208,0.07851604,604685.1461,5061.002342,1219.49019,537.944792,1604.141721,0.008369649,0.240958235,0.106292144,0.316961268
32,2014,660063,0.067521527,615494.5382,5999.318044,1398.019381,615.2922207,1841.584761,0.009747151,0.233029716,0.10256036,0.306965683
32,2015,667499,0.057763056,628942.2182,5138.81052,1793.049546,833.4512192,2285.956182,0.008170561,0.348923071,0.162187575,0.4448415
32,2016,675073,0.064750148,631361.9233,5651.475322,2103.842431,1002.192153,2643.796853,0.008951245,0.372264287,0.177332837,0.467806494
32,2017,681535,0.077092434,628993.8081,5034.72585,1921.688594,921.3540455,2406.024129,0.008004412,0.381686839,0.182999844,0.477885827
32,2018,688242,0.069567497,640362.7266,5197.116736,1914.290849,909.4131876,2409.353949,0.008115895,0.368337089,0.174984176,0.463594349
32,2019,692639,0.078200526,638474.2662,3952.160425,1360.892893,639.0568179,1724.419184,0.006190007,0.344341511,0.161698097,0.436323175
33,2010,285920,0.090399986,260072.836,2732.85062,255.5612589,107.1901312,346.9941905,0.01050802,0.093514536,0.039222828,0.126971518
33,2011,281230,0.090399986,255806.8119,2314.741113,256.7195634,108.1811447,347.5223786,0.009048786,0.110906383,0.046735743,0.150134448
33,2012,276321,0.103759073,247650.1892,2345.797985,221.0618079,92.63271237,300.3228302,0.009472224,0.094237359,0.039488785,0.128025871
33,2013,271784,0.104951477,243259.8679,2035.999675,215.9777287,90.76137388,292.877095,0.008369649,0.106079451,0.044578285,0.143849284
33,2014,267778,0.095947854,242085.2756,2359.641673,239.7325111,100.5832328,325.4199473,0.009747151,0.101596998,0.042626486,0.137910748
33,2015,264783,0.072011365,245715.6148,2007.634326,203.2820945,85.24209461,276.037314,0.008170561,0.101254542,0.042458974,0.137493821
33,2016,262446,0.090399986,238720.8853,2136.849154,23.40288229,9.635796959,32.1530969,0.008951245,0.010952052,0.004509348,0.015046966
33,2017,260253,0.090399986,236726.1324,1894.853595,18.05005327,7.417437886,24.82998639,0.008004412,0.00952583,0.003914518,0.013103908
33,2018,257787,0.084852118,235913.227,1914.647011,18.24637752,7.498220195,25.09982564,0.008115895,0.009529891,0.003916242,0.013109375
33,2019,255253,0.072384428,236776.6575,1465.649259,14.7798618,6.078203809,20.32148541,0.006190007,0.010084174,0.004147107,0.013865176
34,2010,2061666,0.090123117,1875862.233,17283.67176,4097.110728,1820.820841,5368.48187,0.009213721,0.237050945,0.105349191,0.310610034
34,2011,2047429,0.086613396,1870094.22,14931.49498,3739.100718,1671.081255,4882.853652,0.007984354,0.250417036,0.11191654,0.327017064
34,2012,2028534,0.087507594,1851021.871,16705.9088,3766.78669,1665.304328,4951.072972,0.009025236,0.225476311,0.099683552,0.296366575
34,2013,2011356,0.086340262,1837694.995,25880.40129,5653.93654,2493.717398,7442.109106,0.014083078,0.218464021,0.096355438,0.287557717
34,2014,1998397,0.093865016,1810817.433,18977.90405,4408.768032,1959.621593,5776.209628,0.010480297,0.232310587,0.103258062,0.304364993
34,2015,1984003,0.085823597,1813728.726,17570.19939,3994.084223,1769.494898,5243.205767,0.009687336,0.227321508,0.100710007,0.298414699
34,2016,1971351,0.081291302,1811097.311,9619.111551,1384.093895,622.0491368,1800.845752,0.005311206,0.143889993,0.064668045,0.187215393
34,2017,1963383,0.082806771,1800801.594,14065.38574,1899.256409,848.2043366,2480.539214,0.007810625,0.135030524,0.060304378,0.17635771
34,2018,1951193,0.071406904,1811864.35,14065.33613,1799.485207,799.8444241,2357.074141,0.007762908,0.12793759,0.056866357,0.167580363
34,2019,1938578,0.086340262,1771200.667,15985.50361,2258.012184,1011.95157,2943.062954,0.009025236,0.141253741,0.063304328,0.184108241
35,2010,518510,0.079782122,477142.1717,5577.425612,873.9242904,375.0281382,1169.647812,0.011689232,0.156689547,0.067240366,0.209711056
35,2011,517281,0.100310985,465392.0334,5503.400732,933.9010194,402.3527056,1246.817888,0.011825301,0.16969526,0.073109832,0.22655408
35,2012,513397,0.073195264,475818.7712,6671.957834,1073.028905,462.5044052,1432.31055,0.014022057,0.160826692,0.069320643,0.214676199
35,2013,509220,0.082017156,467455.2241,5355.350971,798.591997,341.9705343,1070.260705,0.011456393,0.149120385,0.063855859,0.199848845
35,2014,503746,0.066361065,470316.879,5529.640846,779.8466281,333.6475267,1045.770385,0.011757266,0.141030249,0.06033801,0.189120851
35,2015,499114,0.090290411,454048.7919,5338.372613,766.9404648,327.308742,1029.984548,0.011757266,0.143665593,0.061312457,0.192939801
35,2016,494726,0.098574466,445958.6488,5243.254645,460.1078946,197.1537017,616.3091372,0.011757266,0.087752346,0.037601397,0.11754324
35,2017,488458,0.092872217,443093.8227,5209.572122,423.3895501,180.6243733,568.7024967,0.011757266,0.081271463,0.034671633,0.109164915
35,2018,481824,0.075080416,445648.4536,5239.607598,440.0864528,187.7394796,591.1328817,0.011757266,0.083992254,0.035830828,0.112820067
35,2019,475838,0.054382433,449960.7719,5290.308672,426.0053834,181.3628874,572.95675,0.011757266,0.08052562,0.034282099,0.108303085
36,2010,4319802,0.090579854,3928514.965,40404.35504,10733.85625,4893.361833,13854.88593,0.010284893,0.265660873,0.121109762,0.342905756
36,2011,4296117,0.088835075,3914471.125,24117.57942,6855.831803,3150.472084,8809.455844,0.006161134,0.284266994,0.130629697,0.365271145
36,2012,4265208,0.089808426,3882156.383,23918.48397,5798.390924,2603.761031,7550.413643,0.006161134,0.242423012,0.108859785,0.315672751
36,2013,4236806,0.092411519,3845276.323,23691.261,5606.825339,2510.090824,7314.123227,0.006161134,0.236662174,0.105950073,0.308726632
36,2014,4206551,0.091740981,3820637.883,23539.46028,5507.444948,2456.770079,7199.38534,0.006161134,0.233966492,0.104368157,0.305843263
36,2015,4181910,0.084101551,3830204.885,23453.17772,5641.366742,2521.349116,7365.938649,0.006123218,0.240537415,0.10750565,0.314069963
36,2016,4150467,0.080348491,3816983.24,23453.17211,1778.85523,792.0098675,2326.90995,0.006144426,0.075847106,0.03376984,0.099215148
36,2017,4113612,0.077127832,3796338.025,23453.17211,1775.437173,791.3540191,2320.89289,0.006177841,0.075701366,0.033741876,0.098958592
36,2018,4070693,0.073469578,3771620.904,23237.46012,1746.470381,778.484419,2282.978552,0.006161134,0.075157542,0.03350127,0.098245615
36,2019,4028299,0.073197456,3733437.76,23002.20868,1822.361904,809.3041121,2388.271589,0.006161134,0.079225518,0.035183757,0.103827925
37,2010,2281404,0.090579854,2074754.758,21801.56496,2593.43016,1097.305843,3501.945714,0.01050802,0.118956147,0.050331517,0.160628181
37,2011,2281547,0.088835075,2078865.602,18811.21007,2071.977602,873.4925307,2804.202204,0.009048786,0.110145897,0.046434681,0.149070804
37,2012,2280156,0.089808426,2075378.778,19658.452,2040.278886,857.8272778,2765.948226,0.009472224,0.103786345,0.043636563,0.140700205
37,2013,2280631,0.092411519,2069874.425,17324.12212,1749.669608,734.4486613,2374.374152,0.008369649,0.100996148,0.042394567,0.137055958
37,2014,2283421,0.091740981,2073937.717,20214.98355,2320.722664,985.7772729,3126.435009,0.009747151,0.114802105,0.048764683,0.15465929
37,2015,2287035,0.084101551,2094691.81,17114.80642,1951.466736,829.681338,2627.608209,0.008170561,0.114022133,0.048477401,0.153528363
37,2016,2294081,0.080348491,2109755.054,18884.93459,928.7780677,401.3280157,1237.539013,0.008951245,0.049180899,0.021251226,0.06553049
37,2017,2300721,0.077127832,2123271.377,16995.53978,817.8396629,352.3271484,1091.737982,0.008004412,0.048120841,0.020730565,0.064236735
37,2018,2301812,0.073469578,2132698.844,17308.76017,802.2521174,344.7461004,1072.618328,0.008115895,0.046349485,0.019917435,0.06196968
37,2019,2300715,0.073197456,2132308.515,13199.00546,649.3760098,280.2743914,865.8515149,0.006190007,0.049198859,0.021234508,0.065599754
38,2010,150410,0.090579854,136785.8841,1437.348836,154.7982677,65.15762349,209.7017258,0.01050802,0.107697077,0.045331809,0.145894803
38,2011,152743,0.088835075,139174.0642,1259.356331,139.227503,58.59170305,188.6275545,0.009048786,0.110554495,0.046525119,0.149780924
38,2012,157324,0.089808426,143194.9792,1356.374872,153.5004241,64.6636941,207.8314539,0.009472224,0.113169616,0.04767391,0.153225674
38,2013,163430,0.092411519,148327.1855,1241.446458,135.9230067,57.20708124,184.1393801,0.008369649,0.109487611,0.04608099,0.148326477
38,2014,168595,0.091740981,153127.9293,1492.561009,158.3778798,66.57591927,214.7275138,0.009747151,0.106111495,0.044605158,0.14386515
38,2015,174184,0.084101551,159534.8555,1303.489208,120.8103887,50.56045134,164.2547178,0.008170561,0.092682308,0.038788546,0.126011567
38,2016,175390,0.080348491,161297.6782,1443.815051,39.98937701,16.60851634,54.63593703,0.008951245,0.027697022,0.011503216,0.037841368
38,2017,176337,0.077127832,162736.5095,1302.610138,47.10548948,19.60292697,64.27690952,0.008004412,0.036162385,0.015048959,0.049344702
38,2018,178055,0.073469578,164973.3743,1338.906605,47.11908017,19.58529638,64.34399844,0.008115895,0.035192208,0.014627829,0.048057122
38,2019,180171,0.073197456,166982.9411,1033.625639,33.94858093,14.08373994,46.41617818,0.006190007,0.032844175,0.013625571,0.044906179
39,2010,2723148,0.07745729,2512220.337,28042.50104,4857.104026,2098.808362,6473.277204,0.011162437,0.173205094,0.074843836,0.230838084
39,2011,2694339,0.07745729,2485642.804,30844.50044,5092.642624,2194.824452,6798.382058,0.012409064,0.16510699,0.071157724,0.22040824
39,2012,2668619,0.085439093,2440614.613,30844.50044,5010.638631,2155.264504,6696.758736,0.012638005,0.162448364,0.069875163,0.217113542
39,2013,2653839,0.07745729,2448279.824,20471.42309,3156.137385,1351.533207,4229.636421,0.008361554,0.154172837,0.066020481,0.206611744
39,2014,2642588,0.07745729,2437900.296,27348.06824,4587.866273,1998.504462,6088.400925,0.011217878,0.167758331,0.073076623,0.222626361
39,2015,2630983,0.07745729,2427194.188,15034.28153,2477.38088,1075.860983,3293.273748,0.006194099,0.164782126,0.071560519,0.219050956
39,2016,2617811,0.068439997,2438648.024,15034.28153,1103.609995,491.4504948,1444.155901,0.006165007,0.073406234,0.032688659,0.096057527
39,2017,2607996,0.086171664,2383260.644,8292.807009,599.2118881,266.0139609,785.519193,0.003479606,0.072256823,0.032077674,0.094722956
39,2018,2593542,0.07745729,2392653.266,13865.1192,962.2068633,425.1690898,1264.901658,0.005794872,0.069397663,0.030664654,0.09122905
39,2019,2578019,0.077042717,2379401.412,13865.1192,907.31833,399.281798,1195.804961,0.005827146,0.065438913,0.028797574,0.086245559
40,2010,931605,0.09991963,838519.373,8811.178528,1121.154695,475.5069294,1511.565446,0.01050802,0.127242308,0.053966326,0.171550882
40,2011,936262,0.09991963,842711.0473,7625.511975,1101.895761,469.7577171,1480.752696,0.009048786,0.144501217,0.061603433,0.194184037
40,2012,940827,0.08535958,860518.4028,8151.022787,1072.431519,455.4883045,1444.582816,0.009472224,0.131570178,0.055881123,0.177227184
40,2013,949129,0.110088469,844640.8411,7069.34725,860.2373516,363.9509199,1161.579575,0.008369649,0.121685542,0.05148296,0.16431214
40,2014,954831,0.116870947,843238.9971,8219.177614,885.102122,372.8749522,1198.407009,0.009747151,0.107687431,0.045366455,0.145806194
40,2015,961303,0.09991963,865249.9598,7069.577249,1042.839723,455.6898356,1381.427302,0.008170561,0.147510903,0.064457862,0.195404513
40,2016,962044,0.097922642,867838.1099,7768.231628,743.7632651,329.8234098,975.8075869,0.008951245,0.095744218,0.042457978,0.125615151
40,2017,958437,0.09991963,862670.3295,6905.169099,652.9387742,288.6601903,858.2070348,0.008004412,0.09455797,0.041803493,0.124284724
40,2018,954563,0.09991963,859183.4181,6973.042521,566.825972,247.6594791,750.1820949,0.008115895,0.081288185,0.035516703,0.107583181
40,2019,952238,0.09991963,857090.7313,5305.397958,385.7309412,167.0213783,513.353457,0.006190007,0.072705374,0.031481404,0.096760594
41,2010,866026,0.075423103,800707.632,8413.85199,1042.86119,441.6956843,1407.224191,0.01050802,0.123945749,0.052496251,0.167250885
41,2011,864686,0.094137273,783286.8182,7087.794839,890.6006841,377.0428049,1202.062114,0.009048786,0.125652718,0.053196066,0.169596065
41,2012,861047,0.073063557,798135.8439,7560.121235,943.5842984,399.2807397,1273.953406,0.009472224,0.124810736,0.052814066,0.168509653
41,2013,857785,0.083378225,786264.4089,6580.757011,854.4075784,362.3296909,1151.993755,0.008369649,0.129834239,0.055058968,0.175054899
41,2014,859997,0.07180484,798245.053,7780.614859,1039.241454,444.0686007,1394.824874,0.009747151,0.133568037,0.057073716,0.179269235
41,2015,863265,0.092430695,783472.8165,6401.412142,911.7281631,391.5904927,1219.896467,0.008170561,0.1424261,0.061172517,0.190566775
41,2016,870231,0.055451643,821975.2617,7357.702032,505.6406915,219.9845265,670.9138286,0.008951245,0.068722638,0.029898537,0.09118524
41,2017,872372,0.057521812,822191.5821,6581.160511,431.5090575,187.3307901,573.3259204,0.008004412,0.06556732,0.028464705,0.087116234
41,2018,869075,0.072039876,806466.9451,6545.201154,463.6314399,202.1709248,614.2616332,0.008115895,0.070835323,0.03088842,0.09384916
41,2019,866562,0.068722474,807009.7159,4995.396103,285.2544906,122.694091,381.1860052,0.006190007,0.057103478,0.024561434,0.076307463
42,2010,2786424,0.095129227,2521353.64,16250.93622,3172.471531,1394.012948,4186.903341,0.006445322,0.19521777,0.08578047,0.257640747
42,2011,2763802,0.09979862,2487978.374,23934.48061,4802.621877,2102.083183,6350.938205,0.009620052,0.200657033,0.087826564,0.265346815
42,2012,2740090,0.103432596,2456675.377,30851.09489,5681.173096,2471.182624,7541.486923,0.012558067,0.184148184,0.080100322,0.244447951
42,2013,2718058,0.101662572,2441733.233,34952.44143,5856.421977,2531.462516,7804.429151,0.014314603,0.167554017,0.072425914,0.223287096
42,2014,2703263,0.107932599,2411492.8,30603.31346,5386.438802,2336.539136,7162.483697,0.01269061,0.176008353,0.076349221,0.234042752
42,2015,2689649,0.111433644,2389931.612,30603.31346,5545.22215,2412.92774,7360.377587,0.0128051,0.18119679,0.07884531,0.240509172
42,2016,2675243,0.087774106,2440425.938,30808.76298,2493.612526,1085.900769,3307.128418,0.012624338,0.080938418,0.03524649,0.107343759
42,2017,2664275,0.088618847,2428170.022,30654.04015,2698.133497,1196.751857,3540.004673,0.012624338,0.088018854,0.039040591,0.115482483
42,2018,2650621,0.097169265,2393062.106,30210.82593,1896.533506,812.7525209,2540.332543,0.012624338,0.062776619,0.026902691,0.084086829
42,2019,2634613,0.079266782,2425775.706,30623.8135,2188.986908,947.3007673,2914.615899,0.012624338,0.071479893,0.030933468,0.095174819
44,2010,223489,0.11672541,197402.1549,2074.305836,345.8456093,148.4099995,462.8211377,0.01050802,0.16672836,0.071546826,0.223120974
44,2011,220535,0.10035936,198402.2486,1795.2995,354.0868958,153.7466383,470.3875483,0.009048786,0.197229986,0.085638434,0.262010627
44,2012,217505,0.10035936,195676.3374,1853.490036,296.9839425,127.2706714,397.7774042,0.009472224,0.160229587,0.06866542,0.21460995
44,2013,214806,0.117312579,189606.5541,1586.940279,263.7977677,113.1341963,353.1505567,0.008369649,0.166230432,0.071290771,0.222535505
44,2014,212397,0.111351686,188746.236,1839.738014,511.8624374,233.7933315,659.650826,0.009747151,0.278225722,0.127079687,0.358556936
44,2015,210593,0.097844171,189987.7025,1552.306041,456.1152013,209.6666775,585.6075084,0.008170561,0.29383072,0.135067875,0.377250035
44,2016,208982,0.093420713,189458.7525,1695.89173,403.1296173,185.7598381,516.4499279,0.008951245,0.237709525,0.109535199,0.304530011
44,2017,206851,0.102874549,185571.2967,1485.389192,321.3391462,146.0372493,415.0911315,0.008004412,0.2163333,0.098315815,0.279449409
44,2018,205982,0.078282915,189857.1286,1540.860546,307.256665,138.7244139,398.4185437,0.008115895,0.199405888,0.09003048,0.258568853
44,2019,204495,0.086651684,186775.1638,1156.139644,234.8815936,106.2452727,304.2256854,0.006190007,0.203160228,0.091896574,0.263139221
45,2010,1079475,0.090579854,981696.3118,10315.6847,1103.222823,464.8244438,1493.651431,0.01050802,0.106946156,0.04505997,0.144794211
45,2011,1075973,0.088835075,980388.8581,8871.329029,873.3634787,366.7232979,1184.98132,0.009048786,0.098447874,0.041338034,0.133574272
45,2012,1076267,0.089808426,979609.1547,9279.077026,857.1088523,358.9025848,1164.965358,0.009472224,0.092370055,0.038678694,0.125547547
45,2013,1077470,0.092411519,977899.3608,8184.674267,760.7944117,318.6009966,1033.985885,0.008369649,0.092953536,0.038926533,0.126331953
45,2014,1083160,0.091740981,983789.8387,9589.147854,931.3248951,391.1928421,1263.374136,0.009747151,0.097122801,0.040795371,0.131750407
45,2015,1091515,0.084101551,999716.896,8168.247502,729.9764773,305.6826256,992.1584881,0.008170561,0.089367576,0.037423281,0.121465282
45,2016,1097808,0.080348491,1009600.784,9037.18407,278.8567056,117.5888669,377.3109532,0.008951245,0.030856592,0.013011671,0.041750943
45,2017,1103780,0.077127832,1018647.842,8153.677434,241.8581567,101.9675351,327.2959324,0.008004412,0.029662463,0.012505711,0.040140898
45,2018,1107050,0.073469578,1025715.504,8324.599464,261.0621792,110.2612233,352.8808383,0.008115895,0.031360329,0.013245229,0.042390128
45,2019,1111183,0.073197456,1029847.231,6374.761968,201.0803486,85.14835403,271.3670858,0.006190007,0.031543193,0.013357103,0.042568975
46,2010,203209,0.090579854,184802.3584,1941.906919,174.8137721,73.10231012,237.7982394,0.01050802,0.090021705,0.0376446,0.122456044
46,2011,204035,0.088835075,185909.5355,1682.255613,163.7616816,68.76089256,222.1920763,0.009048786,0.097346491,0.040874224,0.132079854
46,2012,205548,0.089808426,187088.0576,1772.139929,184.3887371,77.53294211,249.9447297,0.009472224,0.104048633,0.043751027,0.141041193
46,2013,207812,0.092411519,188607.7775,1578.580869,146.3398548,61.32441268,198.8021999,0.008369649,0.092703426,0.038847812,0.125937292
46,2014,209754,0.091740981,190510.9622,1856.939066,152.0827126,63.50659647,207.0682799,0.009747151,0.081899679,0.034199612,0.111510541
46,2015,211280,0.084101551,193511.0244,1581.093556,124.6463384,52.01325857,169.7912145,0.008170561,0.078835524,0.032897015,0.107388468
46,2016,213716,0.080348491,196544.2419,1759.315682,61.38619877,25.73233338,83.376233,0.008951245,0.034892089,0.014626331,0.047391286
46,2017,215965,0.077127832,199308.0878,1595.344133,54.0197408,22.60200139,73.45697378,0.008004412,0.03386087,0.014167477,0.046044595
46,2018,216422,0.073469578,200521.567,1627.41201,53.74049941,22.45803994,73.13279895,0.008115895,0.033022061,0.013799849,0.044938097
46,2019,217101,0.073197456,201209.7591,1245.489895,36.72294472,15.29119927,50.08973201,0.006190007,0.029484739,0.012277257,0.040216892
47,2010,1494703,0.08976387,1360532.674,14296.50485,1990.718152,847.8237994,2676.959619,0.01050802,0.139245093,0.059302872,0.187245739
47,2011,1491444,0.095335963,1349255.75,12209.12662,1731.946911,738.8154464,2326.665443,0.009048786,0.141856741,0.060513374,0.190567722
47,2012,1491770,0.0814557,1370256.831,12979.37919,1596.448435,677.6464976,2151.495241,0.009472224,0.122998828,0.052209469,0.165762569
47,2013,1492094,0.084191778,1366471.954,11436.89043,1339.745906,566.8034498,1809.21194,0.008369649,0.117142497,0.049559227,0.158190896
47,2014,1495011,0.096843444,1350228.986,13160.88546,1728.611373,742.8227092,2312.407164,0.009747151,0.13134461,0.056441697,0.175703008
47,2015,1499134,0.08976387,1364565.93,11149.26865,1421.586563,610.2224691,1903.025023,0.008170561,0.127504916,0.054732063,0.170686086
47,2016,1502848,0.08976387,1367946.547,12244.82483,796.187783,350.343678,1049.076466,0.008951245,0.065022391,0.028611571,0.08567509
47,2017,1506518,0.08976387,1371287.114,10976.3476,623.9658449,273.1689227,824.6838199,0.008004412,0.0568464,0.024887051,0.075132808
47,2018,1508346,0.08976387,1372951.025,11142.72654,644.7175254,282.525605,851.5556867,0.008115895,0.057859943,0.025355159,0.07642256
47,2019,1510051,0.08976387,1374502.978,8508.183589,484.4956223,212.183695,640.184859,0.006190007,0.05694466,0.024938777,0.075243423
48,2010,6877724,0.075640942,6357486.474,77010.19195,13723.02904,5955.259894,18241.04177,0.012113308,0.17819757,0.077330802,0.236865294
48,2011,6933718,0.079949483,6379370.832,53762.77215,9496.707884,4110.044496,12643.88369,0.008427598,0.176640964,0.076447778,0.235179162
48,2012,6990855,0.077532148,6448838.992,32171.96466,5519.479033,2387.82783,7350.819398,0.004988799,0.171561765,0.074220765,0.22848525
48,2013,7053173,0.090261177,6416545.306,32016.79396,4953.608533,2127.046987,6627.563439,0.004989725,0.154719068,0.066435352,0.20700272
48,2014,7141397,0.070300044,6639356.478,37451.47653,5919.543837,2552.099541,7900.530438,0.005640829,0.158059024,0.068144164,0.210953777
48,2015,7239541,0.078761047,6669347.174,24719.95538,3882.774391,1675.801737,5178.87184,0.003706503,0.157070445,0.067791455,0.209501666
48,2016,7315517,0.077532148,6748329.25,19070.37607,2131.952362,927.9077169,2828.300903,0.00282594,0.111793934,0.048657022,0.148308607
48,2017,7361663,0.077532148,6790897.451,33884.70807,3774.235542,1642.634067,5007.174328,0.004989725,0.111384626,0.04847715,0.147770915
48,2018,7375936,0.077532148,6804063.835,33950.4047,3861.209651,1683.804698,5116.338382,0.004989725,0.113730887,0.049596013,0.150700365
48,2019,7399810,0.068048026,6896267.535,34410.47577,4206.384016,1852.979209,5540.348919,0.004989725,0.122241379,0.053849276,0.161007623
49,2010,874022,0.068765423,813919.5077,7578.733639,1793.31796,790.220255,2360.699283,0.009311404,0.236625015,0.104268113,0.31148994
49,2011,881976,0.06739317,822536.8413,9297.33733,2336.585555,1036.858321,3062.789358,0.011303247,0.251317713,0.111522072,0.329426507
49,2012,888604,0.070808871,825682.954,8933.269967,2110.586539,932.8217137,2773.418474,0.01081925,0.236261363,0.104421082,0.310459494
49,2013,897462,0.0612348,842506.0943,6638.223949,1618.738748,716.9105421,2124.418291,0.007879141,0.243851181,0.107997342,0.320028114
49,2014,903815,0.067308428,842980.6333,6143.179766,1370.65882,602.3932003,1807.343293,0.007287451,0.223118787,0.098058859,0.294203224
49,2015,910626,0.070948106,846018.8104,6493.089029,1466.243874,644.2458539,1933.581831,0.007674875,0.225816074,0.09922024,0.297790747
49,2016,920442,0.058323438,866758.6577,7654.62625,1472.715571,646.4878138,1943.263929,0.008831324,0.19239549,0.084457136,0.253867905
49,2017,927108,0.060865944,870678.6965,7006.240187,1261.091722,550.5998373,1669.706495,0.008046872,0.179995502,0.078587063,0.23831705
49,2018,929678,0.054767033,878762.2944,5600.198878,994.4298717,434.8854045,1315.533931,0.006372826,0.177570457,0.07765535,0.234908431
49,2019,931184,0.057084149,878028.1535,3265.13853,710.5532916,323.0488394,918.9771714,0.003718717,0.217618115,0.098938785,0.281451204
50,2010,128792,0.09943179,115985.9809,1218.783033,120.5107049,50.73306268,163.2500577,0.01050802,0.098877898,0.041626,0.133945135
50,2011,126988,0.079507648,116891.4828,1057.72602,104.1044178,43.71936525,141.2368943,0.009048786,0.098422858,0.041333355,0.133528808
50,2012,124886,0.082776619,114548.3591,1085.027679,97.39707533,40.77533511,132.3979095,0.009472224,0.0897646,0.037579995,0.12202261
50,2013,123059,0.110315766,109483.6521,916.3397238,83.30193285,34.86016623,113.2652475,0.008369649,0.090907259,0.038042841,0.123606174
50,2014,121497,0.080994628,111656.3957,1088.33172,104.0100084,43.56015313,141.3492801,0.009747151,0.095568296,0.040024702,0.12987702
50,2015,120051,0.103195776,107662.2439,879.6608905,82.72580471,34.63495179,112.4479759,0.008170561,0.094042836,0.039373072,0.127831051
50,2016,118191,0.082776619,108407.5486,970.382538,37.14969904,15.61813217,50.36133539,0.008951245,0.038283561,0.01609482,0.051898435
50,2017,116906,0.07294876,108377.8523,867.5010269,34.02203332,14.31326299,46.10084427,0.008004412,0.039218436,0.016499419,0.053142121
50,2018,115394,0.087663354,105278.175,854.4266278,31.69199737,13.30521726,43.00067794,0.008115895,0.037091538,0.0155721,0.05032694
50,2019,114005,0.081062679,104763.4492,648.4865247,24.24581618,10.18251867,32.89041125,0.006190007,0.037388311,0.015701974,0.050718727
51,2010,1854866,0.090579854,1686852.508,17725.48027,2810.485726,1205.756688,3762.043792,0.01050802,0.158556253,0.068023922,0.212239315
51,2011,1857141,0.088835075,1692161.74,15312.00956,2163.268538,922.4147059,2906.829908,0.009048786,0.141279205,0.060241257,0.18983987
51,2012,1861917,0.089808426,1694701.165,16052.58849,2133.362159,906.9688877,2872.046185,0.009472224,0.132898327,0.056499853,0.178914833
51,2013,1863746,0.092411519,1691514.401,14157.38158,1805.561013,766.0089201,2433.968311,0.008369649,0.127534954,0.05410668,0.171922209
51,2014,1864692,0.091740981,1693623.326,16508.00186,2089.776558,886.9381282,2816.411164,0.009747151,0.126591733,0.05372777,0.170608847
51,2015,1867059,0.084101551,1710036.443,13971.95642,1789.473098,760.4125795,2409.910793,0.008170561,0.128076058,0.054424202,0.172481986
51,2016,1869028,0.080348491,1718854.421,15385.88721,1218.290785,532.3284297,1612.758191,0.008951245,0.079182355,0.034598488,0.104820617
51,2017,1870586,0.077127832,1726311.757,13818.11127,1024.509835,446.9800592,1357.526714,0.008004412,0.074142538,0.032347406,0.098242566
51,2018,1866014,0.073469578,1728918.739,14031.72318,972.5529787,423.5064368,1290.233034,0.008115895,0.069311015,0.030182069,0.091951147
51,2019,1860848,0.073197456,1724638.66,10675.52605,794.4014872,348.0531545,1050.019132,0.006190007,0.074413334,0.032602904,0.098357601
53,2010,1582798,0.060140004,1487608.523,7830.583613,1081.866423,459.8563329,1456.493221,0.005263874,0.138159105,0.058725678,0.186000596
53,2011,1586247,0.070613767,1474236.124,7106.077712,964.9143998,409.6909121,1299.941607,0.004820176,0.135787201,0.057653593,0.182933773
53,2012,1588481,0.066624085,1482649.907,6981.432806,989.2186496,420.7530601,1331.195306,0.004708753,0.141692784,0.060267437,0.190676519
53,2013,1593352,0.068424979,1484326.922,8049.906854,1263.228322,543.8860956,1687.454323,0.005423271,0.156924589,0.067564272,0.209624081
53,2014,1601779,0.06505554,1497574.403,7442.760265,1469.674657,660.8548326,1914.529273,0.004969877,0.197463657,0.088791632,0.257233769
53,2015,1614222,0.067524532,1505222.415,7480.769942,1495.608153,673.6440688,1946.491932,0.004969877,0.199927035,0.090050098,0.260199411
53,2016,1632853,0.072854788,1513891.84,7523.855918,1086.893679,500.2160241,1393.375963,0.004969877,0.144459662,0.066483998,0.185194397
53,2017,1650916,0.067524532,1539438.67,7650.820513,1091.915876,499.8599026,1404.326656,0.004969877,0.142718794,0.065334156,0.183552425
53,2018,1658124,0.067524532,1546159.953,7684.224462,1080.650543,494.1505083,1390.766972,0.004969877,0.14063235,0.064307141,0.180989894
53,2019,1663061,0.067524532,1550763.584,7707.103943,973.6453808,440.649517,1260.736352,0.004969877,0.1263309,0.057174461,0.163581075
54,2010,387242,0.065389754,361920.3407,3803.066259,434.7399281,183.1096632,588.6700398,0.01050802,0.114313004,0.048147902,0.154788268
54,2011,385564,0.076288536,356149.8869,3222.724131,341.0350054,143.2224594,462.6447077,0.009048786,0.105821967,0.044441427,0.143557031
54,2012,384390,0.077601104,354560.9115,3358.48026,365.8069734,153.7881336,495.9180081,0.009472224,0.108920388,0.045790989,0.147661433
54,2013,382333,0.086424231,349290.1643,2923.436025,286.0384066,119.7973119,388.7147744,0.008369649,0.097843224,0.040978257,0.132965035
54,2014,380695,0.09369157,345027.0878,3363.031034,349.9349595,146.8726917,474.8999978,0.009747151,0.104053443,0.043672714,0.141211899
54,2015,378115,0.077601104,348772.8584,2849.669783,280.0284152,117.3300086,380.447029,0.008170561,0.09826697,0.041173195,0.133505654
55,2010,1336986,0.088826373,1218226.382,12801.14746,1868.945086,799.1580384,2506.994062,0.01050802,0.145998247,0.062428625,0.195841355
55,2011,1326327,0.076228312,1225223.332,11086.7838,1612.433678,689.0035219,2163.852706,0.009048786,0.14543746,0.062146384,0.195174069
55,2012,1316736,0.076551074,1215938.445,11517.64093,1603.428573,683.2029708,2155.558846,0.009472224,0.139215017,0.059317961,0.187152808
55,2013,1308817,0.077296087,1207650.568,10107.61119,1348.486593,573.2011064,1815.536459,0.008369649,0.133412986,0.056709849,0.179620726
55,2014,1302073,0.101428513,1170005.672,11404.22165,1631.245814,702.9899906,2178.506503,0.009747151,0.143038768,0.061642961,0.191026321
55,2015,1295105,0.073075891,1200464.048,9808.464279,1306.495825,561.0629622,1748.580531,0.008170561,0.133200855,0.057201917,0.17827261
55,2016,1288309,0.08273983,1181714.532,10577.81641,516.048099,229.2778531,675.7685193,0.008951245,0.048785882,0.021675348,0.063885446
55,2017,1283205,0.073882512,1188398.591,9512.432443,452.3354585,200.4883364,593.2192334,0.008004412,0.047552028,0.021076453,0.062362517
55,2018,1275040,0.084167519,1167723.047,9477.117794,436.6795364,192.903873,573.8729929,0.008115895,0.046077251,0.020354698,0.060553536
55,2019,1266597,0.041073673,1214573.209,7518.217138,332.660638,146.3670036,438.2585007,0.006190007,0.044247277,0.019468313,0.058292876
56,2010,135486,0.090579854,123213.6979,1294.732029,156.3056337,66.02998583,211.2554983,0.01050802,0.120724312,0.050998959,0.163165422
56,2011,135369,0.088835075,123343.4848,1116.108805,122.6341058,51.61571907,166.132498,0.009048786,0.109876479,0.046246136,0.148849733
56,2012,136386,0.089808426,124137.388,1175.857105,131.9402482,55.56374417,178.676222,0.009472224,0.112207723,0.047253824,0.151954027
56,2013,137672,0.092411519,124949.5214,1045.783619,113.8988344,47.96826506,154.2440345,0.008369649,0.108912429,0.045868251,0.147491347
56,2014,138368,0.091740981,125673.9839,1224.963265,121.0158932,50.8596072,164.1074107,0.009747151,0.098791447,0.041519292,0.133969251
56,2015,139549,0.084101551,127812.7127,1044.301517,107.8151362,45.30409195,146.2115822,0.008170561,0.103241386,0.043382195,0.140008972
56,2016,138740,0.080348491,127592.4504,1142.111296,71.11568507,29.86115271,96.49084002,0.008951245,0.062266861,0.026145572,0.084484621
56,2017,136206,0.077127832,125700.7265,1006.160456,70.93286029,29.80369846,96.20147059,0.008004412,0.070498557,0.029621218,0.095612454
56,2018,134539,0.073469578,124654.4765,1011.682659,71.35361114,29.97505645,96.79342533,0.008115895,0.070529637,0.029628912,0.095675679
56,2019,133734,0.073197456,123945.0114,767.2205362,46.42215248,19.79091747,62.43685831,0.006190007,0.060506921,0.025795604,0.081380588
