Unnamed: 0,_STATE,NAME,population,total_pop,total_asthma_burden,PR,at_risk,num,IR,year
0,0,United States,74119633,,,0.0905798542386211,,,0.0105080202221768,2010
1,1,Alabama,1130411,1091026.542630968,124420.49106441636,0.1140398388149028,966606.0515665518,,,2010
2,2,Alaska,187994,,,,,,,2010
3,4,Arizona,1626328,1757237.105085894,164766.94110401854,0.0937647746152985,1592470.1639818754,,,2010
4,5,Arkansas,711624,,,,,,,2010
5,6,California,9280416,,,,,178240.9624989893,,2010
6,8,Colorado,1227212,,,,,,,2010
7,9,Connecticut,814364,795095.622428999,89279.61212027947,0.1122878929298243,705816.0103087196,6089.612461906944,0.0086277618713174,2010
8,10,Delaware,205519,,,,,,,2010
9,11,District of Columbia,101265,109280.23928195762,19017.3773580332,0.1740239359191539,90262.8619239244,,,2010
10,12,Florida,3997507,,,,,,,2010
11,13,Georgia,2489432,2528288.024460242,227224.31848330752,0.0898727978319705,2301063.705976934,25618.423009051043,0.0111332958503096,2010
12,15,Hawaii,303872,284001.71023588406,31315.57599107691,0.1102654486308094,252686.13424480715,4738.572445940158,0.0187527996346223,2010
13,16,Idaho,429231,,,,,,,2010
14,17,Illinois,3123173,3172363.9367779056,309253.02029710874,0.0974834623202814,2863110.916480797,25762.110395874977,0.008997943547203,2010
15,18,Indiana,1606162,1549178.3221617,137621.30911260808,0.0888350341234916,1411557.013049092,17194.34110389379,0.0121811169828361,2010
16,19,Iowa,728224,708666.1233271676,44120.68356576772,0.062258773367947,664545.4397613999,,,2010
17,20,Kansas,727487,700292.9043907681,52720.24647044091,0.0752831367273466,647572.6579203273,4647.486209765927,0.0071767795519521,2010
18,21,Kentucky,1023469,1001861.8612050432,106358.91688111812,0.1061612593508542,895502.9443239252,,,2010
19,22,Louisiana,1117829,1096006.8701144198,90841.25562599675,0.0828838377778719,1005165.6144884232,5378.786540781787,0.0053511445907541,2010
20,23,Maine,273399,,,,,2984.929290269952,,2010
21,24,Maryland,1352626,1315421.709386291,155551.25654599394,0.1182520065132316,1159870.452840297,9989.514411068963,0.0086126121987214,2010
22,25,Massachusetts,1417502,,,,,15669.18908462419,,2010
23,26,Michigan,2334175,2291454.80698025,255966.56461573477,0.1117048277958644,2035488.242364515,32539.83484505312,0.0159862553699909,2010
24,27,Minnesota,1283281,,,,,,,2010
25,28,Mississippi,753557,752290.0121960547,65413.85557357016,0.0869529762632587,686876.1566224846,11396.691127554908,0.0165920610544917,2010
26,29,Missouri,1423920,1401328.905766738,152888.06143388254,0.1091021963542739,1248440.8443328554,,,2010
27,30,Montana,223389,216038.68309429477,14881.228932147797,0.0688822423790306,201157.45416214693,1202.7923735968589,0.0059793577056673,2010
28,31,Nebraska,459739,448784.34859002585,27308.186107535967,0.060849239046174,421476.1624824899,3720.9305831745473,0.0088283298425664,2010
29,32,Nevada,663320,668009.3431771961,57224.65810410125,0.0856644576734937,610784.6850730949,,,2010
30,33,New Hampshire,285920,,,,,,,2010
31,34,New Jersey,2061661,2002840.629589522,180502.24123142892,0.0901231174186947,1822338.388358093,17283.629842999406,0.0094843141940129,2010
32,35,New Mexico,518510,499787.81849973387,39874.132947427504,0.0797821224757376,459913.6855523064,5577.42561235573,0.0121271138206245,2010
33,36,New York,4319802,,,,,40404.35503605744,,2010
34,37,North Carolina,2281395,,,,,,,2010
35,38,North Dakota,150410,142173.32071019223,9098.866947127248,0.0639984133568525,133074.453763065,,,2010
36,39,Ohio,2723148,,,,,28042.50103840977,,2010
37,40,Oklahoma,931526,901518.4416497018,90079.38920358982,0.0999196300840526,811439.052446112,10127.833248137827,0.0124813234186931,2010
38,41,Oregon,866025,849420.0364884576,64065.89466621789,0.0754231027220282,785354.1418222397,,,2010
39,42,Pennsylvania,2786424,2714731.401499559,258250.29852052772,0.0951292265517965,2456481.1029790314,16250.936222549502,0.0066155348001015,2010
40,44,Rhode Island,223489,218480.1517310754,25502.185213170524,0.1167254096590012,192977.9665179049,2531.966569418822,0.0131204956457238,2010
41,45,South Carolina,1079229,,,,,,,2010
42,46,South Dakota,203209,,,,,,,2010
43,47,Tennessee,1494703,,,,,,,2010
44,48,Texas,6877573,6722096.270530365,508465.69740384165,0.075640942488871,6213630.573126524,77008.5011987654,0.0123934791894164,2010
45,49,Utah,874022,847844.1286037962,58302.359860199205,0.0687654226682087,789541.7687435971,7578.733639336619,0.0095989014633091,2010
46,50,Vermont,128792,126549.03624892324,12582.9971697449,0.099431789784586,113966.03907917836,1733.6943898977638,0.0152123773354382,2010
47,51,Virginia,1854857,,,,,,,2010
48,53,Washington,1582797,1538272.68394257,92511.72469163478,0.0601400035620008,1445760.9592509351,7830.578666061845,0.0054162333101863,2010
49,54,West Virginia,387242,376508.265607951,24619.78305446441,0.065389754497715,351888.4825534866,,,2010
50,55,Wisconsin,1336986,1302590.7987979483,115704.41673215583,0.0888263734389416,1186886.3820657923,,,2010
51,56,Wyoming,135486,129825.24569451484,8551.194393765183,0.0658669609906732,121274.05130074963,,,2010
0,0,United States,73906635,,,0.0888350748020048,,,0.0090487860567573,2011
1,1,Alabama,1123813,,,,,,,2011
2,2,Alaska,188580,,,,,,,2011
3,4,Arizona,1615950,1707128.1754188973,143559.3711772861,0.084094078724967,1563568.8042416112,,,2011
4,5,Arkansas,711633,,,,,,,2011
5,6,California,9244504,,,,,108104.93948260504,,2011
6,8,Colorado,1232558,,,,,,,2011
7,9,Connecticut,804601,809823.6971278522,90843.1018937744,0.1121763937212032,718980.5952340779,5493.446207050628,0.0076406042714715,2011
8,10,Delaware,204796,,,,,,,2011
9,11,District of Columbia,103895,,,,,,,2011
10,12,Florida,3999131,,,,,,,2011
11,13,Georgia,2485977,,,,,15113.728038632657,,2011
12,15,Hawaii,305893,302614.1319319275,32881.68878198868,0.108658801134196,269732.44314993883,3829.841532916137,0.014198668458978,2011
13,16,Idaho,428805,,,,,,,2011
14,17,Illinois,3092313,,,,,,,2011
15,18,Indiana,1598429,,,,,19190.951893714904,,2011
16,19,Iowa,726285,,,,,,,2011
17,20,Kansas,726556,,,,,4431.677121022422,,2011
18,21,Kentucky,1021795,,,,,,,2011
19,22,Louisiana,1116157,,,,,,,2011
20,23,Maine,269110,,,,,,,2011
21,24,Maryland,1349598,,,,,5256.206983373009,,2011
22,25,Massachusetts,1410035,,,,,,,2011
23,26,Michigan,2301756,2259612.1190685485,225354.3847050084,0.0997314462970323,2034257.73436354,25117.537763619563,0.0123472740643053,2011
24,27,Minnesota,1280876,,,,,,,2011
25,28,Mississippi,747651,,,,,6634.299908382975,,2011
26,29,Missouri,1413950,,,,,,,2011
27,30,Montana,223103,222313.72351564027,15011.625339892084,0.0675245104193308,207302.0981757482,1667.1385626283316,0.0080420727879702,2011
28,31,Nebraska,460842,,,,,4225.8243089439975,,2011
29,32,Nevada,657704,,,,,,,2011
30,33,New Hampshire,281230,,,,,,,2011
31,34,New Jersey,2047425,2007220.9856822724,173852.22701744136,0.0866133964608522,1833368.758664831,14931.465812519806,0.0081442785265926,2011
32,35,New Mexico,517281,517697.97847354336,51930.79412294797,0.1003109849415837,465767.1843505954,5503.400731881625,0.0118157760288648,2011
33,36,New York,4296117,,,,,,,2011
34,37,North Carolina,2281534,,,,,,,2011
35,38,North Dakota,152743,,,,,,,2011
36,39,Ohio,2694339,,,,,30844.50044054507,,2011
37,40,Oklahoma,936208,,,,,10127.833248137827,,2011
38,41,Oregon,864686,862018.9356175648,81148.11159007555,0.0941372726713244,780870.8240274893,,,2011
39,42,Pennsylvania,2763802,2732986.575346194,272748.2890193783,0.0997986201175644,2460238.286326816,23934.48061237157,0.0097285213165697,2011
40,44,Rhode Island,220535,,,,,,,2011
41,45,South Carolina,1075796,,,,,,,2011
42,46,South Dakota,204035,,,,,,,2011
43,47,Tennessee,1491444,1387543.6571510723,132282.81041184714,0.0953359627497792,1255260.846739225,,,2011
44,48,Texas,6933560,6964058.058014122,556772.8396437429,0.0799494827592682,6407285.218370379,53761.54704639082,0.0083906904740639,2011
45,49,Utah,881976,849132.7531119494,57225.74813458002,0.0673931701784625,791907.0049773694,9297.337329600194,0.0117404408234346,2011
46,50,Vermont,126988,125413.28199286372,9971.315097351222,0.0795076481446248,115441.96689551252,1136.296242743785,0.009843008338313,2011
47,51,Virginia,1857136,,,,,,,2011
48,53,Washington,1586246,1580699.9875954343,111619.18045072292,0.0706137668922983,1469080.8071447115,7106.07323246763,0.0048370880607166,2011
49,54,West Virginia,385564,382863.77081819234,29208.116555024717,0.076288535978753,353655.65426316764,,,2011
50,55,Wisconsin,1326325,1290980.3893745136,98409.25538886603,0.0762283115985563,1192571.1339856477,,,2011
51,56,Wyoming,135369,,,,,,,2011
0,0,United States,73695910,,,0.0898084261066216,,,0.0094722236741568,2012
1,1,Alabama,1116695,1109723.234637818,124320.5932551482,0.1120284674364981,985402.64138267,,,2012
2,2,Alaska,188399,,,,,,,2012
3,4,Arizona,1616728,1625350.0939349483,137922.74708216847,0.0848572548134904,1487427.34685278,,,2012
4,5,Arkansas,711139,,,,,,,2012
5,6,California,9193382,9080540.38793097,794074.6800508043,0.0874479542105463,8286465.707880166,108104.93948260504,0.0130459647446317,2012
6,8,Colorado,1236028,,,,,,,2012
7,9,Connecticut,794498,786855.5277782275,94777.89617623818,0.1204514587879352,692077.6316019893,2193.400691711204,0.0031692986329207,2012
8,10,Delaware,204169,,,,,,,2012
9,11,District of Columbia,107623,107508.3418594766,14961.64286373373,0.1391672739524714,92546.69899574286,,,2012
10,12,Florida,4007746,,,,,,,2012
11,13,Georgia,2483907,2496135.457125399,269020.81077931763,0.1077749246385561,2227114.646346081,,,2012
12,15,Hawaii,307375,300958.6076071113,33483.04603773842,0.1112546549306512,267475.56156937283,2522.361331928256,0.0094302496913313,2012
13,16,Idaho,427830,,,,,,,2012
14,17,Illinois,3059247,3093993.848987644,288360.9391527718,0.093200230261325,2805632.9098348725,,,2012
15,18,Indiana,1589767,,,,,13108.30160651863,,2012
16,19,Iowa,724758,,,,,,,2012
17,20,Kansas,726375,723008.5099139275,75313.02789733346,0.1041661707499117,647695.482016594,3152.760937142206,0.0048676593008277,2012
18,21,Kentucky,1018473,1019461.0911903906,103957.26893813448,0.1019727676087638,915503.8222522562,,,2012
19,22,Louisiana,1113884,,,,,,,2012
20,23,Maine,265098,,,,,,,2012
21,24,Maryland,1347203,1333506.7107453507,136501.5447889997,0.1023628480374901,1197005.165956351,7970.655271411929,0.0066588311379957,2012
22,25,Massachusetts,1403432,,,,,,,2012
23,26,Michigan,2272804,2213866.6725170985,208652.8521717806,0.0942481562968508,2005213.820345318,15198.7423314168,0.0075796117986058,2012
24,27,Minnesota,1277502,,,,,,,2012
25,28,Mississippi,741797,739969.2900856546,72887.91771108996,0.0985012738875323,667081.3723745646,5351.470301764983,0.008022215165019,2012
26,29,Missouri,1404800,1417614.3168255363,142535.31785101618,0.1005459074159151,1275078.9989745202,,,2012
27,30,Montana,222868,225759.02008817924,17271.964911752995,0.0765062007489523,208487.05517642625,4661.732712767047,0.0223598184972308,2012
28,31,Nebraska,462481,466186.03555808106,32237.75670272904,0.0691521286435286,433948.278855352,4753.29767707205,0.0109536041705478,2012
29,32,Nevada,655359,659028.319775428,42275.08893181034,0.0641476058968393,616753.2308436177,,,2012
30,33,New Hampshire,276321,275962.9977864237,28633.664860981688,0.1037590731027721,247329.332925442,,,2012
31,34,New Jersey,2028530,2011113.9607455295,175987.7431258009,0.0875075935828924,1835126.2176197288,16705.875858735355,0.0091033933787965,2012
32,35,New Mexico,513397,520713.61415248347,38113.77032029732,0.0731952637388433,482599.8438321861,6671.957833695452,0.0138250310665568,2012
33,36,New York,4265207,4199819.737788332,382559.40021468734,0.0910894810014267,3817260.337573644,,,2012
34,37,North Carolina,2280149,,,,,,,2012
35,38,North Dakota,157324,,,,,,,2012
36,39,Ohio,2668619,2656790.7280298537,226993.7902105684,0.0854390930439959,2429796.9378192853,30844.50044054507,0.0126942708505623,2012
37,40,Oklahoma,940806,939453.3504070122,80191.3430355004,0.0853595795903628,859262.0073715118,,,2012
38,41,Oregon,861047,859516.1694037145,62799.30822189069,0.0730635565186137,796716.8611818238,,,2012
39,42,Pennsylvania,2740090,2723797.7124729767,281729.4695924617,0.1034325964451579,2442068.242880515,30851.09488985665,0.0126331829504758,2012
40,44,Rhode Island,217504,,,,,,,2012
41,45,South Carolina,1076103,,,,,,,2012
42,46,South Dakota,205548,,,,,,,2012
43,47,Tennessee,1491770,1472220.9864807862,119920.79046395129,0.0814556996301291,1352300.196016835,,,2012
44,48,Texas,6990736,6933541.504015577,537572.3693926902,0.0775321484816026,6395969.134622887,32171.417016326,0.0050299518867554,2012
45,49,Utah,888604,888652.267239569,62924.463720846026,0.0708088709617644,825727.803518723,8933.269966558184,0.0108186619470608,2012
46,50,Vermont,124886,,,,,,,2012
47,51,Virginia,1861910,,,,,,,2012
48,53,Washington,1588481,1595983.1585959797,106330.91704158192,0.0666240846395418,1489652.241554398,6981.432806298124,0.0046866192065157,2012
49,54,West Virginia,384390,382382.35816773714,29673.293287419365,0.0776011043752253,352709.0648803178,,,2012
50,55,Wisconsin,1316735,1305043.0301051545,99902.4454296037,0.0765510738918348,1205140.5846755505,,,2012
51,56,Wyoming,136386,136578.22649398496,11696.77082373985,0.0856415486128382,124881.45567024512,,,2012
0,0,United States,73567812,,,0.0924115188032248,,,0.0083696488566034,2013
1,1,Alabama,1109894,,,,,,,2013
2,2,Alaska,188349,,,,,,,2013
3,4,Arizona,1618034,1611174.2581162138,174146.49530426963,0.1080866916952123,1437027.762811944,,,2013
4,5,Arkansas,708960,,,,,,,2013
5,6,California,9157311,8089120.665146124,716160.6513343825,0.0885338074409161,7372960.013811741,37968.91646622073,0.0051497521205992,2013
6,8,Colorado,1240403,,,,,,,2013
7,9,Connecticut,782470,756737.7316912733,74081.98133593507,0.0978965079095042,682655.7503553382,2584.233496471536,0.0037855588195461,2013
8,10,Delaware,203354,,,,,,,2013
9,11,District of Columbia,111942,111128.90533936703,15009.49997285099,0.1350638695397454,96119.40536651605,,,2013
10,12,Florida,4021961,,,,,,,2013
11,13,Georgia,2482911,2427312.280553535,259917.31681533848,0.1070802957236576,2167394.9637381965,11895.146000919884,0.0054882225897599,2013
12,15,Hawaii,308747,297873.102998756,38037.09533324405,0.1276956359950461,259836.00766551195,2522.361331928256,0.0097075126522699,2013
13,16,Idaho,428752,,,,,,,2013
14,17,Illinois,3024649,,,,,,,2013
15,18,Indiana,1586023,1535223.8664551373,122271.9298788779,0.0796443649363048,1412951.936576259,18365.89867167324,0.0129982472837511,2013
16,19,Iowa,726370,,,,,,,2013
17,20,Kansas,724239,703649.610319474,65164.2143524525,0.0926088970942034,638485.3959670215,,,2013
18,21,Kentucky,1017072,,,,,13373.252072273805,,2013
19,22,Louisiana,1112430,1074647.2009031032,83929.17600930364,0.078099283131033,990718.0248937996,,,2013
20,23,Maine,262010,,,,,,,2013
21,24,Maryland,1344085,1308325.9075719218,140444.49122303943,0.1073467172133628,1167881.4163488825,25705.13625282668,0.0220100567514705,2013
22,25,Massachusetts,1398069,,,,,,,2013
23,26,Michigan,2249312,2182759.9565817355,238421.8539161798,0.1092295344695415,1944338.102665556,20401.57628097193,0.0104928130827672,2013
24,27,Minnesota,1278697,,,,,,,2013
25,28,Mississippi,735534,724241.8749349819,84611.4650620875,0.1168276345104781,639630.4098728944,5351.470301764983,0.0083665038734296,2013
26,29,Missouri,1397640,1366698.6626549626,104697.59794793096,0.0766062050170915,1262001.0647070317,,,2013
27,30,Montana,224371,217578.1872256978,17839.969160773046,0.0819933716161874,199738.2180649248,4661.732712767047,0.0233392124848723,2013
28,31,Nebraska,464550,459104.21633021,30094.4469114058,0.0655503605520373,429009.7694188042,3735.998837748729,0.0087084236865049,2013
29,32,Nevada,656208,636611.7003330336,49984.23000311325,0.0785160404324406,586627.4703299203,,,2013
30,33,New Hampshire,271784,263836.48980404664,27690.029160304905,0.1049514765030057,236146.4606437417,,,2013
31,34,New Jersey,2011350,1944591.5102801751,167896.5412552016,0.0863402623983538,1776694.9690249737,25880.3240906693,0.0145665544968994,2013
32,35,New Mexico,509220,503864.9363973877,41325.56884989592,0.082017155520628,462539.3675474918,5355.350970933414,0.0115781517135047,2013
33,36,New York,4236806,,,,,,,2013
34,37,North Carolina,2280607,,,,,,,2013
35,38,North Dakota,163430,,,,,,,2013
36,39,Ohio,2653839,,,,,20471.42309411189,,2013
37,40,Oklahoma,949081,931270.8905765378,102522.18698046658,0.1100884694430816,828748.7035960712,,,2013
38,41,Oregon,857785,821525.0965857402,68497.30465619227,0.0833782253772492,753027.7919295479,,,2013
39,42,Pennsylvania,2718058,2650167.1997152297,269422.813691297,0.1016625719766841,2380744.3860239326,34952.44142691614,0.0146813079270933,2013
40,44,Rhode Island,214806,210629.63909071943,24709.506217413087,0.1173125791986499,185920.13287330637,,,2013
41,45,South Carolina,1077287,,,,,,,2013
42,46,South Dakota,207812,,,,,,,2013
43,47,Tennessee,1492094,1321053.8553638903,111221.87238205654,0.0841917775951836,1209831.982981834,,,2013
44,48,Texas,7053072,6835840.350674342,617010.9934663274,0.0902611766533518,6218829.357208015,32016.335486998832,0.005148289758086,2013
45,49,Utah,897462,869068.979203544,53217.26476920963,0.0612347995874624,815851.7144343343,6638.223948804899,0.0081365569641628,2013
46,50,Vermont,123059,119397.83739394842,13171.46392023514,0.1103157662460536,106226.37347371328,,,2013
47,51,Virginia,1863741,,,,,,,2013
48,53,Washington,1593352,1579067.4361899602,108047.6568967834,0.0684249794660355,1471019.7792931767,8049.906853852949,0.0054723308055863,2013
49,54,West Virginia,382333,371246.3390275477,32084.679511942617,0.0864242314038329,339161.65951560513,,,2013
50,55,Wisconsin,1308815,1275538.0334171404,98594.09851098196,0.0772960867712038,1176943.9349061584,,,2013
51,56,Wyoming,137672,,,,,,,2013
0,0,United States,73563094,,,0.0917409813186351,,,0.0097471507400552,2014
1,1,Alabama,1105738,1077816.5775210008,141509.47064912444,0.1312927204873755,936307.1068718764,,,2014
2,2,Alaska,186818,,,,,,,2014
3,4,Arizona,1623721,,,,,,,2014
4,5,Arkansas,707060,,,,,,,2014
5,6,California,9134055,8937704.28170546,787981.9056081568,0.0881637924876383,8149722.376097303,,,2014
6,8,Colorado,1247350,,,,,,,2014
7,9,Connecticut,772709,752764.0108824286,71898.14642226066,0.0955121995510624,680865.8644601679,4463.661211517427,0.0065558598903419,2014
8,10,Delaware,203451,,,,,,,2014
9,11,District of Columbia,115718,114662.17093206618,16526.06881075143,0.1441283439552406,98136.10212131476,,,2014
10,12,Florida,4053002,,,,,,,2014
11,13,Georgia,2488037,2421870.94786504,245727.90039260057,0.1014620125028618,2176143.047472439,11895.146000919884,0.0054661599634895,2014
12,15,Hawaii,307906,295085.9475508139,47227.09014896067,0.160045202223085,247858.8574018532,,,2014
13,16,Idaho,431002,,,,,,,2014
14,17,Illinois,2992292,2961583.633076024,246621.57497212017,0.0832735473743717,2714962.058103903,,,2014
15,18,Indiana,1582047,1533003.6483160555,121888.61231167831,0.0795096687770888,1411115.0360043773,18365.89867167324,0.0130151675824225,2014
16,19,Iowa,728706,,,,,,,2014
17,20,Kansas,722345,694567.819052708,58168.34804292207,0.0837475426406242,636399.4710097859,7734.731058376004,0.0121538929724488,2014
18,21,Kentucky,1014601,968421.9893670784,104503.27453846468,0.1079108856323717,863918.7148286137,13373.252072273805,0.0154797573460679,2014
19,22,Louisiana,1113755,1091998.38153518,87442.62729430226,0.0800757847015959,1004555.7542408776,,,2014
20,23,Maine,259644,,,,,,,2014
21,24,Maryland,1346664,1312605.1493160457,126398.01464769011,0.0962955346575867,1186207.134668355,25705.13625282668,0.0216700233050051,2014
22,25,Massachusetts,1392767,,,,,,,2014
23,26,Michigan,2230079,2154977.6241206727,219920.995171686,0.102052565516277,1935056.6289489868,22945.0950152295,0.0118575832210615,2014
24,27,Minnesota,1282686,,,,,5560.96570140461,,2014
25,28,Mississippi,731415,715902.7604338016,83218.85874698688,0.1162432432814763,632683.9016868147,8831.031914318924,0.0139580474400791,2014
26,29,Missouri,1393137,1356817.423526505,152006.57759701565,0.1120317110919281,1204810.8459294897,,,2014
27,30,Montana,225473,216550.5011617688,15405.768392285763,0.071141688934616,201144.73276948303,4661.732712767047,0.0231760118626099,2014
28,31,Nebraska,467363,457622.57687222713,28081.852918194763,0.0613646579898428,429540.7239540324,4104.003119797571,0.0095543982000569,2014
29,32,Nevada,660063,643373.14840193,43441.53753177487,0.0675215271878831,599931.6108701552,,,2014
30,33,New Hampshire,267778,258934.3287062342,24844.193114305817,0.0959478537992234,234090.1355919284,,,2014
31,34,New Jersey,1998388,1919519.2581054235,180175.70630505664,0.0938650162243702,1739343.5518003667,18977.818583821736,0.0109109086380192,2014
32,35,New Mexico,503746,491795.805052928,32636.09337829747,0.0663610649846537,459159.7116746305,,,2014
33,36,New York,4206549,,,,,,,2014
34,37,North Carolina,2283411,2189140.131736576,250591.2075777049,0.1144701538036849,1938548.9241588712,,,2014
35,38,North Dakota,168595,,,,,,,2014
36,39,Ohio,2642588,,,,,27348.068242285342,,2014
37,40,Oklahoma,954786,934393.2689083468,109203.42593916177,0.1168709467125595,825189.8429691851,,,2014
38,41,Oregon,859997,831309.236973884,59692.02681244749,0.071804840073397,771617.2101614366,,,2014
39,42,Pennsylvania,2703263,2606262.8078733403,281300.7174413984,0.1079325985820034,2324962.090431942,30603.31346181657,0.0131629300915314,2014
40,44,Rhode Island,212397,205432.92406537724,22875.302370580423,0.1113516855910621,182557.6216947968,,,2014
41,45,South Carolina,1083012,,,,,,,2014
42,46,South Dakota,209754,,,,,,,2014
43,47,Tennessee,1495011,1437264.7925905038,139189.6727149268,0.0968434441812586,1298075.119875577,,,2014
44,48,Texas,7141311,6823779.472237994,479711.9956527806,0.0703000437813752,6344067.476585213,37451.02551923616,0.0059033144993272,2014
45,49,Utah,903815,878206.6309854422,59110.70768051693,0.0673084278744153,819095.9233049252,6143.179765791582,0.007499951581989,2014
46,50,Vermont,121497,118468.01418565284,9595.272738421045,0.0809946279962468,108872.7414472318,,,2014
47,51,Virginia,1864678,,,,,,,2014
48,53,Washington,1601779,1569003.3456401064,102072.35930037493,0.0650555396099123,1466930.9863397314,7442.7602650540175,0.0050736949006886,2014
49,54,West Virginia,380695,369703.9847917879,34638.146746964136,0.0936915699366125,335065.8380448238,,,2014
50,55,Wisconsin,1302072,1253639.6263887312,127154.80319216369,0.1014285130396279,1126484.8231965676,,,2014
51,56,Wyoming,138368,,,,,,,2014
0,0,United States,73616993,,,0.0841015505862584,,,0.0081705606205512,2015
1,1,Alabama,1102566,,,,,,,2015
2,2,Alaska,186143,,,,,,,2015
3,4,Arizona,1628631,,,,,,,2015
4,5,Arkansas,706417,,,,,,,2015
5,6,California,9116481,7362473.344867646,525249.8625238135,0.0713414959783811,6837223.482343832,,,2015
6,8,Colorado,1257335,,,,,,,2015
7,9,Connecticut,761796,734669.0346484467,85734.57534473317,0.1166982291362787,648934.4593037135,8528.067720064613,0.0131416471999575,2015
8,10,Delaware,203772,,,,,,,2015
9,11,District of Columbia,119066,119681.23662975663,9999.83450582125,0.083553903581031,109681.4021239354,,,2015
10,12,Florida,4101870,,,,,28795.111334779704,,2015
11,13,Georgia,2497465,2451176.0201132195,271894.8177491541,0.1109242320902745,2179281.202364065,11895.146000919884,0.0054582887183242,2015
12,15,Hawaii,308172,303255.9571551887,30050.26734013733,0.0990920924424226,273205.6898150514,,,2015
13,16,Idaho,433551,,,,,,,2015
14,17,Illinois,2961798,2909224.532337273,215145.81415927547,0.0739529767358407,2694078.718177997,,,2015
15,18,Indiana,1578188,1536829.0577461682,115241.80717787088,0.07498674403442,1421587.2505682977,24860.16435121041,0.017487610655816,2015
16,19,Iowa,729839,,,,,,,2015
17,20,Kansas,720680,699250.553591996,61761.720622165856,0.0883255941735057,637488.8329698301,7734.731058376004,0.0121331239989611,2015
18,21,Kentucky,1012671,,,,,13373.252072273805,,2015
19,22,Louisiana,1114969,1078606.6901281576,94076.31548749872,0.0872202224856595,984530.374640659,,,2015
20,23,Maine,256340,,,,,1018.3098853689978,,2015
21,24,Maryland,1346113,,,,,25705.13625282668,,2015
22,25,Massachusetts,1385700,,,,,,,2015
23,26,Michigan,2209034,2132476.7926378185,164403.66848232952,0.0770951735793412,1968073.124155489,18002.10615357644,0.0091470717894698,2015
24,27,Minnesota,1285301,1245265.0870117275,78158.38066962009,0.0627644519105384,1167106.7063421074,7624.30899271222,0.006532658026281,2015
25,28,Mississippi,726340,696182.2961351566,61569.34082912013,0.0884385327965407,634612.9553060365,,,2015
26,29,Missouri,1389690,1336349.546089846,115513.40481062002,0.0864395136351951,1220836.141279226,,,2015
27,30,Montana,226514,217917.0086833388,13791.410054995662,0.0632874420327434,204125.5986283432,,,2015
28,31,Nebraska,470580,464704.0054520807,30703.988737821543,0.0660721413579201,434000.0167142592,2780.9668916701585,0.0064077575681318,2015
29,32,Nevada,667498,652402.1425306007,37684.74121068467,0.0577630555664784,614717.401319916,,,2015
30,33,New Hampshire,264783,256027.72382462467,18436.90582353872,0.072011364816756,237590.81800108595,,,2015
31,34,New Jersey,1984001,1899802.783965924,163047.90904107946,0.0858235972792447,1736754.874924844,17570.18167625373,0.0101166733025661,2015
32,35,New Mexico,499114,492459.00121705,44464.32550610275,0.0902904107676269,447994.6757109472,,,2015
33,36,New York,4181909,,,,,23453.172110811047,,2015
34,37,North Carolina,2287021,,,,,,,2015
35,38,North Dakota,174184,,,,,,,2015
36,39,Ohio,2630983,,,,,15034.281528584008,,2015
37,40,Oklahoma,961241,,,,,,,2015
38,41,Oregon,863265,821543.6499923945,75935.85016054784,0.0924306945361342,745607.7998318466,,,2015
39,42,Pennsylvania,2689649,2613487.1863769805,291230.3998201654,0.1114336436536701,2322256.7865568157,30603.31346181657,0.0131782641949737,2015
40,44,Rhode Island,210593,203579.98216554607,19919.114560057817,0.0978441708667608,183660.86760548825,,,2015
41,45,South Carolina,1091223,,,,,,,2015
42,46,South Dakota,211280,,,,,,,2015
43,47,Tennessee,1499134,,,,,,,2015
44,48,Texas,7239390,6879649.151121766,541848.3670692645,0.0787610465543745,6337800.784052501,24719.439782027133,0.0039003182056822,2015
45,49,Utah,910626,891809.5934536872,63272.201240209935,0.0709481056322542,828537.3922134772,6493.089029404508,0.0078368086828983,2015
46,50,Vermont,120051,115820.4459682008,11952.180768974798,0.1031957757463336,103868.265199226,,,2015
47,51,Virginia,1867041,,,,,,,2015
48,53,Washington,1614217,,,,,,,2015
49,54,West Virginia,378115,,,,,,,2015
50,55,Wisconsin,1295104,1231985.815100751,90028.46108319996,0.0730758909556418,1141957.3540175506,,,2015
51,56,Wyoming,139549,,,,,,,2015
0,0,United States,73648378,,,0.0803484908077688,,,0.008951245098855,2016
1,1,Alabama,1099429,,,,,,,2016
2,2,Alaska,186851,,,,,,,2016
3,4,Arizona,1635214,1611948.2475735026,129243.93622004728,0.0801787131904518,1482704.3113534553,,,2016
4,5,Arkansas,705926,,,,,,,2016
5,6,California,9087019,7665750.644208705,588421.4350639064,0.0767597933163199,7077329.209144799,,,2016
6,8,Colorado,1262976,,,,,,,2016
7,9,Connecticut,751855,719931.6704642514,78916.23356870002,0.1096162827755729,641015.4368955514,8528.067720064613,0.0133039974222246,2016
8,10,Delaware,203729,,,,,,,2016
9,11,District of Columbia,121480,,,,,,,2016
10,12,Florida,4159346,3890999.820785364,304052.7732053816,0.0781425821664549,3586947.0475799823,47348.38184870531,0.013200189805046,2016
11,13,Georgia,2508265,2346581.757009897,207109.37805994748,0.0882600307623008,2139472.378949949,,,2016
12,15,Hawaii,307166,299304.94030735106,30630.134893529143,0.1023375520032365,268674.80541382194,,,2016
13,16,Idaho,437730,,,,,,,2016
14,17,Illinois,2929710,2835199.178655695,207643.8647867371,0.0732378403429106,2627555.313868958,,,2016
15,18,Indiana,1575894,1524084.1767692815,124717.9509612048,0.0818314059434558,1399366.225808077,5073.1559419355,0.003625323984796,2016
16,19,Iowa,730843,,,,,,,2016
17,20,Kansas,716900,691954.4902662872,61729.39417092429,0.0892101937905898,630225.0960953629,5601.300604488296,0.0088877777784347,2016
18,21,Kentucky,1011692,951890.61566743,74500.04564266525,0.0782653431144802,877390.5700247649,,,2016
19,22,Louisiana,1114121,,,,,,,2016
20,23,Maine,254497,245244.32694606535,18009.494410751788,0.0734349072821263,227234.8325353136,1402.2611259235057,0.0061709778834439,2016
21,24,Maryland,1345549,,,,,,,2016
22,25,Massachusetts,1378299,,,,,,,2016
23,26,Michigan,2193921,2090823.620952555,185141.07179385604,0.0885493496144394,1905682.5491586989,20934.081516159476,0.0109850832844123,2016
24,27,Minnesota,1292129,1243608.6756297888,85116.52627155426,0.0684431750433467,1158492.1493582346,8247.852973993144,0.007119472478568,2016
25,28,Mississippi,720956,686850.5053124147,44741.31255403954,0.0651398116591454,642109.1927583752,,,2016
26,29,Missouri,1386157,1338303.8320224597,115544.81165837515,0.0863367561936683,1222759.0203640845,,,2016
27,30,Montana,227821,219929.98391665696,12728.422053160188,0.0578748828444586,207201.5618634968,,,2016
28,31,Nebraska,473844,467975.9895119571,29824.700454810845,0.0637312621229017,438151.28905714623,3924.800862945942,0.0089576385165765,2016
29,32,Nevada,675073,637277.4503395527,41263.809250504586,0.064750148037591,596013.6410890481,,,2016
30,33,New Hampshire,262446,,,,,,,2016
31,34,New Jersey,1971334,1896894.092665415,154200.9896289683,0.081291301515043,1742693.1030364467,9619.02860003611,0.0055196342851624,2016
32,35,New Mexico,494726,477933.0769898008,47111.9977899381,0.0985744658785009,430821.07919986267,,,2016
33,36,New York,4150467,,,,,23453.172110811047,,2016
34,37,North Carolina,2294062,,,,,,,2016
35,38,North Dakota,175389,,,,,,,2016
36,39,Ohio,2617811,2499289.163574576,171051.34220230207,0.0684399967379757,2328237.821372274,15034.281528584008,0.0064573650468931,2016
37,40,Oklahoma,961989,906020.2961253772,88719.90097869608,0.0979226418636639,817300.395146681,,,2016
38,41,Oregon,870231,837455.9066332403,46438.305571258585,0.0554516425323823,791017.6010619818,,,2016
39,42,Pennsylvania,2675243,2563159.499499956,224979.03280592285,0.0877741056886291,2338180.466694033,,,2016
40,44,Rhode Island,208982,201733.63343909167,18846.099878169203,0.0934207130307763,182887.5335609225,,,2016
41,45,South Carolina,1097549,,,,,,,2016
42,46,South Dakota,213716,,,,,,,2016
43,47,Tennessee,1502848,,,,,,,2016
44,48,Texas,7315436,,,,,19070.16492026096,,2016
45,49,Utah,920442,893423.759511277,52107.54563992969,0.0583234384413883,841316.2138713473,7654.62625011611,0.0090983938308915,2016
46,50,Vermont,118191,113527.69738199931,9397.438984480925,0.0827766192848984,104130.2583975184,,,2016
47,51,Virginia,1869014,,,,,,,2016
48,53,Washington,1632849,1590813.2216829676,115898.36070754712,0.0728547884364041,1474914.8609754206,,,2016
49,54,West Virginia,374214,,,,,,,2016
50,55,Wisconsin,1288307,1238837.2689965032,102501.18561962926,0.0827398304723738,1136336.083376874,,,2016
51,56,Wyoming,138740,,,,,,,2016
0,0,United States,73583939,,,0.0771278319875456,,,0.008004412419372,2017
1,1,Alabama,1095991,,,,,,,2017
2,2,Alaska,185410,,,,,,,2017
3,4,Arizona,1637158,,,,,,,2017
4,5,Arkansas,705370,,,,,,,2017
5,6,California,9046128,8472276.021736633,524576.8562904614,0.0619168751047058,7947699.165446172,,,2017
6,8,Colorado,1263100,,,,,,,2017
7,9,Connecticut,743342,710042.9098788,91388.02388016712,0.1287077479525378,618654.8859986329,10713.04651356591,0.0173166764799293,2017
8,10,Delaware,203861,,,,,,,2017
9,11,District of Columbia,124682,122775.9196065026,13858.570863046489,0.1128769461264332,108917.3487434561,,,2017
10,12,Florida,4201894,3976819.6032715193,290621.2336382082,0.0730788073462345,3686198.369633311,37706.64637138927,0.0102291419479793,2017
11,13,Georgia,2511097,2362110.028150872,214696.42748771232,0.0908917979810546,2147413.6006631595,,,2017
12,15,Hawaii,305161,300263.9123510219,29372.27283551969,0.0978215217591056,270891.6395155022,,,2017
13,16,Idaho,442490,,,,,,,2017
14,17,Illinois,2895856,2793453.4305449952,159196.85096991408,0.0569892625483487,2634256.5795750814,,,2017
15,18,Indiana,1572900,1511470.805045793,103854.78872163784,0.0687110782258816,1407616.0163241553,5073.1559419355,0.0036040765969568,2017
16,19,Iowa,731611,,,,,,,2017
17,20,Kansas,711857,679136.1041569604,63691.35737262493,0.0937829059341317,615444.7467843355,3467.8701506005864,0.0056347384045765,2017
18,21,Kentucky,1010418,,,,,,,2017
19,22,Louisiana,1107331,,,,,,,2017
20,23,Maine,252622,247358.8251536118,19788.737797927264,0.0800001285001184,227570.08735568452,1402.2611259235057,0.006161886837666,2017
21,24,Maryland,1343930,,,,,,,2017
22,25,Massachusetts,1373271,,,,,,,2017
23,26,Michigan,2180747,2098521.634341666,183539.36919195065,0.0874612709196726,1914982.2651497156,19061.55271334269,0.0099539056106362,2017
24,27,Minnesota,1299518,1250421.8156301547,56453.89856899661,0.0451478835888243,1193967.917061158,8526.257328335085,0.0071411109180568,2017
25,28,Mississippi,714497,690219.896370262,78430.48966513253,0.113631163166382,611789.4067051295,,,2017
26,29,Missouri,1382824,1330164.249968579,128619.01764047962,0.0966940869471705,1201545.2323280994,,,2017
27,30,Montana,229200,221723.3662792132,18992.856534497703,0.0856601487394894,202730.50974471547,,,2017
28,31,Nebraska,475934,462323.9832494502,28258.72854172639,0.061123215678991,434065.2547077239,3913.3943764558494,0.0090156821676291,2017
29,32,Nevada,681535,645217.64617437,49741.398665713285,0.0770924337867081,595476.2475086567,,,2017
30,33,New Hampshire,260253,,,,,,,2017
31,34,New Jersey,1963364,1845328.84168278,152805.72239939592,0.0828067707759069,1692523.1192833842,14065.249629945616,0.0083102259990994,2017
32,35,New Mexico,488458,471301.4013214062,43770.80590833772,0.0928722167717214,427530.5954130685,,,2017
33,36,New York,4113612,,,,,23453.172110811047,,2017
34,37,North Carolina,2300688,,,,,,,2017
35,38,North Dakota,176336,,,,,,,2017
36,39,Ohio,2607996,2468139.0370607777,212683.64829976653,0.0861716641996976,2255455.388761011,8292.807009293721,0.0036767772267263,2017
37,40,Oklahoma,958379,,,,,,,2017
38,41,Oregon,872372,830620.830763578,47778.81503230743,0.057521811713276,782842.0157312705,,,2017
39,42,Pennsylvania,2664275,2546492.0991287204,225667.19330299945,0.0886188468364819,2320824.905825721,,,2017
40,44,Rhode Island,206851,199285.63163510984,20501.41946715741,0.1028745489524067,178784.21216795244,,,2017
41,45,South Carolina,1103369,,,,,,,2017
42,46,South Dakota,215965,,,,,,,2017
43,47,Tennessee,1506516,,,,,,,2017
44,48,Texas,7361573,,,,,,,2017
45,49,Utah,927108,903882.1971409032,55015.64312840018,0.0608659439276731,848866.554012503,7006.240186873743,0.0082536414631439,2017
46,50,Vermont,116906,112307.01251890782,8192.657268950275,0.0729487597007441,104114.35524995756,,,2017
47,51,Virginia,1870572,,,,,,,2017
48,53,Washington,1650911,,,,,,,2017
49,54,West Virginia,369291,,,,,,,2017
50,55,Wisconsin,1283203,1240127.7944051796,91623.75662041245,0.0738825119747914,1148504.037784767,,,2017
51,56,Wyoming,136206,,,,,,,2017
0,0,United States,73317922,,,0.073469577852146,,,0.0081158951318637,2018
1,1,Alabama,1091834,,,,,,,2018
2,2,Alaska,182696,,,,,,,2018
3,4,Arizona,1637590,,,,,,,2018
4,5,Arkansas,702704,,,,,,,2018
5,6,California,8971556,8818080.34833712,542696.319532439,0.0615435897717555,8275384.02880468,,,2018
6,8,Colorado,1263753,,,,,,,2018
7,9,Connecticut,735668,647188.5222534656,62382.73146102744,0.0963903550758519,584805.7907924382,,,2018
8,10,Delaware,203712,,,,,,,2018
9,11,District of Columbia,126648,116742.63520762428,12688.265918702167,0.1086857932933958,104054.36928892211,,,2018
10,12,Florida,4221995,4068906.617758823,302125.1865989976,0.0742521800034353,3766781.4311598255,41208.29747358531,0.0109399226439578,2018
11,13,Georgia,2506660,2353843.7358344053,177861.52408674423,0.0755621630183087,2175982.211747661,,,2018
12,15,Hawaii,302741,294743.8038493123,30002.520704444058,0.1017918623313379,264741.28314486827,,,2018
13,16,Idaho,444839,,,,,,,2018
14,17,Illinois,2854914,2730144.860994651,163939.9064947878,0.0600480614918949,2566204.954499863,,,2018
15,18,Indiana,1570622,1330914.8219182373,115611.6769974968,0.0868663231437054,1215303.1449207405,5073.1559419355,0.0041743954692607,2018
16,19,Iowa,729325,,,,,,,2018
17,20,Kansas,705496,678929.0091481596,51731.13803180113,0.0761952094177081,627197.8711163586,3467.8701506005864,0.0055291484718021,2018
18,21,Kentucky,1007203,969714.5503079332,57017.09024055557,0.058797808306011,912697.4600673775,,,2018
19,22,Louisiana,1096754,,,,,,,2018
20,23,Maine,250303,233941.51448356756,17157.25546622479,0.073339935000848,216784.25901734276,1786.212366478013,0.0082395851736408,2018
21,24,Maryland,1339438,,,,,,,2018
22,25,Massachusetts,1364784,,,,,,,2018
23,26,Michigan,2162182,2069328.7735441,176986.56514406862,0.0855284899175045,1892342.208400031,18949.851829792868,0.0100139666840781,2018
24,27,Minnesota,1302437,1264922.5333803575,66701.25945988641,0.0527314975420946,1198221.273920471,6415.220320230418,0.0053539529466376,2018
25,28,Mississippi,706660,665490.0317218832,43219.74479886256,0.0649442406928863,622270.2869230206,,,2018
26,29,Missouri,1376605,1291664.6306556389,108246.28006804088,0.0838037037625594,1183418.350587598,,,2018
27,30,Montana,228749,220428.40035387955,11736.405481541366,0.0532436177130512,208691.9948723382,,,2018
28,31,Nebraska,476237,468438.6225095677,23550.92871194981,0.05027537777688,444887.6937976179,4863.113883960088,0.0109311045276346,2018
29,32,Nevada,688242,660011.8619957998,45915.37333461943,0.0695674971594853,614096.4886611804,,,2018
30,33,New Hampshire,257787,229562.6186063754,19478.874443238736,0.0848521181779975,210083.74416313667,,,2018
31,34,New Jersey,1951181,1864542.534290719,133141.20901079034,0.0714069036035361,1731401.3252799287,14065.249629945616,0.0081236218458314,2018
32,35,New Mexico,481824,468524.6377955216,35177.024720342015,0.0750804160179391,433347.6130751796,,,2018
33,36,New York,4070683,,,,,,,2018
34,37,North Carolina,2301788,,,,,,,2018
35,38,North Dakota,178054,,,,,,,2018
36,39,Ohio,2593542,2445535.1802636394,189424.52671806823,0.0774572896136572,2256110.653545571,13865.119203704766,0.0061455847397888,2018
37,40,Oklahoma,954512,,,,,,,2018
38,41,Oregon,869075,814881.4729587854,58703.959960748856,0.0720398756246087,756177.5129980365,,,2018
39,42,Pennsylvania,2650621,2492380.708352415,242182.80147077216,0.097169264975922,2250197.9068816425,,,2018
40,44,Rhode Island,205971,187541.8999178068,14681.32662122223,0.0782829150587498,172860.57329658457,,,2018
41,45,South Carolina,1106758,,,,,,,2018
42,46,South Dakota,216422,,,,,,,2018
43,47,Tennessee,1508345,,,,,,,2018
44,48,Texas,7375845,,,,,,,2018
45,49,Utah,929678,906608.0067469826,49652.23048638847,0.0547670328486801,856955.7762605941,5600.198877817948,0.0065349916914673,2018
46,50,Vermont,115394,100048.52445498727,8770.58916871034,0.0876633535225829,91277.93528627692,,,2018
47,51,Virginia,1865959,,,,,,,2018
48,53,Washington,1658122,,,,,,,2018
49,54,West Virginia,364436,,,,,,,2018
50,55,Wisconsin,1275039,1224097.5029554295,103029.24930627788,0.0841675185657406,1121068.253649152,,,2018
51,56,Wyoming,134539,,,,,,,2018
0,0,United States,73037927,,,0.0731974562153916,,,0.0061900073875589,2019
1,1,Alabama,1088286,,,,,,,2019
2,2,Alaska,179983,,,,,,,2019
3,4,Arizona,1640226,,,,,,,2019
4,5,Arkansas,700155,,,,,,,2019
5,6,California,8894449,8822943.24770346,645442.455240875,0.0731550047552304,8177500.792462584,,,2019
6,8,Colorado,1259516,,,,,,,2019
7,9,Connecticut,727440,696161.9670635845,61004.71689952541,0.0876300628097275,635157.2501640591,,,2019
8,10,Delaware,203572,,,,,,,2019
9,11,District of Columbia,128168,127381.4485892709,14823.429672975892,0.1163703964520972,112558.018916295,,,2019
10,12,Florida,4229919,4056159.410014776,269933.94128875126,0.0665491451401728,3786225.468726025,28861.62002906252,0.0076227948566342,2019
11,13,Georgia,2503664,2385380.293923602,240431.30538617857,0.1007936998551724,2144948.988537424,,,2019
12,15,Hawaii,299867,288201.226953719,21410.943192286493,0.0742916448295509,266790.2837614325,,,2019
13,16,Idaho,448201,,,,,,,2019
14,17,Illinois,2817739,2733018.3076077327,188519.123433222,0.0689783609968704,2544499.1841745107,,,2019
15,18,Indiana,1567974,1485410.7817947324,99608.46509717488,0.067057857878764,1385802.3166975577,,,2019
16,19,Iowa,726841,,,,,,,2019
17,20,Kansas,700250,681871.5315301454,59160.796474146286,0.0867623793317595,622710.7350559991,,,2019
18,21,Kentucky,1002871,,,,,,,2019
19,22,Louisiana,1087630,,,,,,,2019
20,23,Maine,248842,227691.46803693767,21290.80606393497,0.0935072633484933,206400.6619730027,,,2019
21,24,Maryland,1334687,,,,,,,2019
22,25,Massachusetts,1352799,,,,,,,2019
23,26,Michigan,2143933,2065929.472907228,160489.87188518755,0.0776841000575601,1905439.6010220405,11266.555129898505,0.0059128377114946,2019
24,27,Minnesota,1303157,1254257.7657668346,64035.06950315672,0.0510541542981849,1190222.696263678,4875.360012068131,0.0040961746296493,2019
25,28,Mississippi,698580,662407.0539192808,50586.29985727658,0.0763673930674067,611820.7540620042,,,2019
26,29,Missouri,1370506,1317858.7116112818,91502.55165572008,0.0694327478731345,1226356.159955562,,,2019
27,30,Montana,228588,224319.40667431467,15016.439921775973,0.0669422237888586,209302.9667525387,,,2019
28,31,Nebraska,476074,468831.89465364016,29078.90322925613,0.0620241574023857,439752.99142438406,,,2019
29,32,Nevada,692639,644927.4901773828,50433.66864714264,0.0782005255091098,594493.8215302402,,,2019
30,33,New Hampshire,255253,246775.9828604018,17862.73842056831,0.0723844282313042,228913.24443983348,,,2019
31,34,New Jersey,1938566,,,,,,,2019
32,35,New Mexico,475838,472674.7470064699,25705.202731761656,0.0543824329405306,446969.5442747082,,,2019
33,36,New York,4028289,,,,,,,2019
34,37,North Carolina,2300691,,,,,,,2019
35,38,North Dakota,180170,,,,,,,2019
36,39,Ohio,2578019,2476739.1815809766,190814.7160673098,0.0770427170880008,2285924.4655136666,13865.119203704766,0.0060654319129434,2019
37,40,Oklahoma,952187,,,,,,,2019
38,41,Oregon,866562,800422.7666717222,55007.03237545914,0.0687224735050786,745415.7342962631,,,2019
39,42,Pennsylvania,2634613,2498393.183913832,198039.58723466995,0.0792667817498737,2300353.5966791622,,,2019
40,44,Rhode Island,204484,196343.09776094655,17013.460129463205,0.0866516843397142,179329.63763148338,,,2019
41,45,South Carolina,1110891,,,,,,,2019
42,46,South Dakota,217101,,,,,,,2019
43,47,Tennessee,1510050,,,,,,,2019
44,48,Texas,7399719,7179662.444542211,488561.8588535392,0.0680480263003076,6691100.585688671,,,2019
45,49,Utah,931184,922611.746996777,52666.506706425855,0.0570841492945025,869945.2402903512,3265.138530330617,0.0037532690324747,2019
46,50,Vermont,114005,112636.34938834178,9130.604275601654,0.0810626793675781,103505.74511274011,,,2019
47,51,Virginia,1860793,,,,,,,2019
48,53,Washington,1663059,,,,,,,2019
49,54,West Virginia,359567,,,,,,,2019
50,55,Wisconsin,1266596,1234970.997352567,50724.79472056191,0.0410736728468131,1184246.202632005,,,2019
51,56,Wyoming,133734,,,,,,,2019
