State Name,year,population,PR,at_risk,IR,AF,AC_
Alabama,2013,1109908,9.24,1007339.7159881504,8.37,3.06% (1.33-4.05%),258 (112-341)
Alabama,2014,1105744,9.17,1004301.9603528072,9.75,3.70% (1.64-4.85%),362 (161-474)
Alabama,2015,1102585,8.41,1009855.8918468504,8.17,3.40% (1.50-4.48%),280 (123-369)
Alabama,2016,1099450,8.03,1011110.8517813984,8.95,3.50% (1.54-4.60%),316 (140-416)
Alabama,2017,1096017,7.71,1011483.5849685062,8.00,3.00% (1.30-3.97%),243 (106-321)
Alabama,2018,1091854,7.35,1011635.9475438228,8.12,2.87% (1.25-3.81%),235 (102-313)
Alabama,2019,1088306,7.32,1008644.769216052,6.19,3.12% (1.37-4.13%),195 (85-258)
Alaska,2014,186818,9.17,169679.13335201523,9.75,2.79% (1.22-3.70%),46 (20-61)
Alaska,2015,186144,8.41,170489.0009676715,8.17,2.06% (0.88-2.77%),29 (12-39)
Alaska,2016,186851,8.03,171837.8041440776,8.95,2.77% (1.20-3.67%),43 (19-57)
Alaska,2017,185410,7.71,171109.72867118916,8.00,1.97% (0.84-2.65%),27 (11-36)
Alaska,2018,182696,7.35,169273.40200472434,8.12,2.10% (0.90-2.82%),29 (12-39)
Alaska,2019,179983,7.32,166808.70223798516,6.19,1.45% (0.61-1.96%),15 (6-20)
Arizona,2010,1626330,9.38,1473837.5340999016,10.51,29.36% (13.78-37.21%),4546 (2134-5762)
Arizona,2011,1615952,8.41,1480060.0052962322,9.05,31.15% (14.79-39.21%),4171 (1981-5251)
Arizona,2012,1616731,8.49,1479539.645568131,9.47,31.47% (14.92-39.64%),4410 (2091-5556)
Arizona,2013,1618036,10.81,1443147.8417162453,8.37,28.99% (13.57-36.80%),3501 (1639-4445)
Arizona,2014,1623723,8.49,1485938.323642475,9.75,30.59% (14.47-38.61%),4431 (2096-5592)
Arizona,2015,1628633,8.49,1490431.6745213408,8.17,35.40% (17.42-43.68%),4311 (2122-5319)
Arizona,2016,1635218,8.02,1504108.324974136,8.95,34.58% (16.90-42.83%),4656 (2276-5767)
Arizona,2017,1637162,8.49,1498236.9269950364,8.00,34.49% (16.83-42.76%),4136 (2018-5128)
Arizona,2018,1637600,8.49,1498637.7595174282,8.12,32.77% (15.79-40.91%),3986 (1921-4976)
Arizona,2019,1640236,8.49,1501050.0757937396,6.19,30.11% (14.26-37.97%),2797 (1325-3528)
Arkansas,2010,711624,9.06,647165.2018072954,10.51,2.63% (1.13-3.52%),179 (77-239)
Arkansas,2011,711633,8.88,648415.0292134249,9.05,2.81% (1.21-3.75%),165 (71-220)
Arkansas,2012,711139,8.98,647272.7256669631,9.47,2.95% (1.28-3.93%),181 (78-241)
Arkansas,2013,708960,9.24,643443.9296292657,8.37,2.75% (1.18-3.67%),148 (64-198)
Arkansas,2014,707060,9.17,642193.6217488459,9.75,2.50% (1.07-3.36%),157 (67-210)
Arkansas,2015,706417,8.41,647006.2349395072,8.17,2.38% (1.01-3.19%),126 (54-169)
Arkansas,2016,705926,8.03,649205.9112780349,8.95,2.20% (0.94-2.97%),128 (54-172)
Arkansas,2017,705370,7.71,650966.3411509449,8.00,2.06% (0.87-2.77%),107 (45-144)
Arkansas,2018,702704,7.35,651076.6337649856,8.12,1.99% (0.84-2.68%),105 (44-142)
Arkansas,2019,700155,7.32,648905.4350435125,6.19,2.22% (0.94-2.98%),89 (38-120)
California,2010,9280492,7.50,8584850.45790768,20.76,30.92% (14.23-39.68%),55119 (25366-70726)
California,2011,9244611,7.50,8551659.004342483,12.64,29.71% (13.57-38.28%),32116 (14670-41386)
California,2012,9193534,8.74,8389578.259734899,12.89,30.51% (14.01-39.21%),32988 (15140-42391)
California,2013,9157430,8.85,8346687.8557263315,4.55,27.98% (12.68-36.23%),10625 (4814-13756)
California,2014,9134153,8.82,8328851.430357661,12.76,29.29% (13.38-37.74%),31136 (14223-40119)
California,2015,9116629,7.13,8466235.048860107,12.76,30.51% (14.09-39.09%),32970 (15224-42241)
California,2016,9087159,7.68,8389630.553327464,12.76,29.92% (13.78-38.39%),32044 (14755-41112)
California,2017,9046314,6.19,8486194.505904049,12.76,29.14% (13.38-37.45%),31562 (14495-40560)
California,2018,8971748,6.15,8419594.42155243,12.76,27.69% (12.61-35.76%),29756 (13549-38430)
California,2019,8894641,7.32,8243953.495348932,12.76,27.55% (12.56-35.56%),28992 (13218-37415)
Colorado,2010,1227213,9.06,1116052.225340259,10.51,7.93% (3.70-10.09%),930 (434-1183)
Colorado,2011,1232558,8.88,1123063.617872191,9.05,7.61% (3.51-9.76%),774 (356-992)
Colorado,2012,1236028,8.98,1125022.2706962847,9.47,8.38% (3.89-10.69%),893 (414-1139)
Colorado,2013,1240404,9.24,1125776.382430405,8.37,8.15% (3.77-10.41%),767 (355-981)
Colorado,2014,1247350,9.17,1132916.8869522004,9.75,8.27% (3.83-10.56%),913 (423-1166)
Colorado,2015,1257335,8.41,1151591.1768936268,8.17,9.54% (4.59-11.95%),898 (432-1124)
Colorado,2016,1262977,8.03,1161498.7041250763,8.95,8.58% (4.02-10.89%),892 (418-1132)
Colorado,2017,1263102,7.71,1165681.6811608672,8.00,8.03% (3.74-10.23%),749 (349-955)
Colorado,2018,1263756,7.35,1170908.3801718834,8.12,8.17% (3.80-10.42%),776 (361-990)
Colorado,2019,1259519,7.32,1167325.4131450462,6.19,8.57% (3.94-11.00%),619 (285-795)
Connecticut,2010,814365,11.23,722921.6700742036,8.42,16.01% (6.94-21.27%),975 (423-1295)
Connecticut,2011,804601,11.22,714343.7614355262,7.69,16.03% (6.97-21.28%),881 (383-1169)
Connecticut,2012,794498,12.05,698799.5568959031,3.14,14.52% (6.28-19.35%),319 (138-424)
Connecticut,2013,782470,9.79,705868.9194560503,3.66,17.82% (7.84-23.49%),460 (202-607)
Connecticut,2014,772709,9.55,698905.8637970982,6.39,16.32% (7.12-21.62%),729 (318-965)
Connecticut,2015,761796,11.67,672895.7558368994,12.67,13.05% (5.78-17.12%),1113 (493-1460)
Connecticut,2016,751855,10.96,669439.4497137717,12.74,13.40% (5.95-17.56%),1143 (507-1497)
Connecticut,2017,743342,12.87,647668.1252214647,16.54,17.37% (7.63-22.90%),1861 (818-2454)
Connecticut,2018,735668,9.64,664756.7002620582,8.06,15.83% (6.88-21.02%),848 (369-1126)
Connecticut,2019,727440,8.76,663694.3871096919,8.06,15.53% (6.74-20.64%),831 (361-1104)
Delaware,2010,205519,9.06,186903.1189367328,10.51,14.24% (6.24-18.81%),280 (123-369)
Delaware,2011,204796,8.88,186602.93202084865,9.05,12.48% (5.41-16.58%),211 (91-280)
Delaware,2012,204169,8.98,185832.9034502372,9.47,13.33% (5.77-17.75%),235 (102-312)
Delaware,2013,203354,9.24,184561.748005289,8.37,14.20% (6.17-18.85%),219 (95-291)
Delaware,2014,203452,9.17,184787.11386876105,9.75,14.26% (6.20-18.92%),257 (112-341)
Delaware,2015,203772,8.41,186634.45883393695,8.17,13.04% (5.68-17.28%),199 (87-264)
Delaware,2016,203729,8.03,187359.6823162241,8.95,12.32% (5.35-16.37%),207 (90-275)
Delaware,2017,203861,7.71,188137.64304318695,8.00,11.38% (4.91-15.17%),171 (74-228)
Delaware,2018,203712,7.35,188745.3653565836,8.12,10.73% (4.62-14.34%),164 (71-220)
Delaware,2019,203572,7.32,188671.04744332028,6.19,10.92% (4.70-14.57%),128 (55-170)
District Of Columbia,2010,101265,17.40,83642.46612914688,10.51,31.28% (14.13-40.56%),275 (124-357)
District Of Columbia,2011,103895,12.57,90833.61846738876,9.05,29.38% (13.16-38.26%),241 (108-314)
District Of Columbia,2012,107623,13.92,92645.40047541316,9.47,30.37% (13.66-39.47%),267 (120-346)
District Of Columbia,2013,111942,13.51,96822.68031598182,8.37,22.63% (9.89-29.94%),183 (80-243)
District Of Columbia,2014,115718,14.41,99039.75629418748,9.75,29.17% (13.06-38.02%),282 (126-367)
District Of Columbia,2015,119066,8.36,109117.57091622095,8.17,33.46% (15.24-43.16%),298 (136-385)
District Of Columbia,2016,121480,12.57,106207.8826836555,8.95,32.57% (14.78-42.10%),310 (141-400)
District Of Columbia,2017,124682,11.29,110608.27660306406,8.00,27.86% (12.42-36.42%),247 (110-322)
District Of Columbia,2018,126648,10.87,112883.161650978,8.12,24.22% (10.65-31.93%),222 (98-293)
District Of Columbia,2019,128168,11.64,113253.0390275276,6.19,26.21% (11.61-34.39%),184 (81-241)
Florida,2010,3997512,7.37,3703033.305048924,9.68,7.14% (3.02-9.64%),2560 (1084-3455)
Florida,2011,3999141,7.37,3704542.3039597273,9.68,6.67% (2.82-9.01%),2394 (1012-3233)
Florida,2012,4007746,7.37,3712513.4123866553,9.68,6.21% (2.62-8.40%),2233 (943-3020)
Florida,2013,4021965,7.37,3725684.962732093,9.68,5.48% (2.30-7.43%),1977 (831-2680)
Florida,2014,4053007,7.37,3754440.238477438,9.68,7.99% (3.42-10.72%),2905 (1244-3895)
Florida,2015,4101879,7.37,3799712.058470562,7.58,9.21% (4.00-12.25%),2653 (1151-3527)
Florida,2016,4159352,7.81,3834329.494580792,12.35,10.30% (4.49-13.65%),4878 (2128-6465)
Florida,2017,4201903,7.31,3894832.940175435,9.68,11.32% (4.96-14.97%),4270 (1869-5644)
Florida,2018,4222005,7.43,3908511.924764597,10.54,10.11% (4.41-13.40%),4166 (1816-5522)
Florida,2019,4229929,6.65,3948430.8410463743,7.31,9.52% (4.14-12.63%),2747 (1194-3647)
Georgia,2010,2489665,8.99,2265911.8407856678,11.31,1.80% (0.79-2.38%),462 (203-610)
Georgia,2011,2486136,10.08,2235549.154216861,6.76,1.87% (0.82-2.46%),282 (124-372)
Georgia,2012,2484033,10.78,2216316.530625313,5.37,1.69% (0.74-2.25%),201 (88-267)
Georgia,2013,2483113,10.71,2217220.525644741,5.37,1.35% (0.58-1.82%),161 (69-216)
Georgia,2014,2488137,10.15,2235685.612597167,5.32,4.75% (2.14-6.18%),566 (255-735)
Georgia,2015,2497665,11.09,2220613.4278562446,5.36,5.49% (2.50-7.10%),654 (297-844)
Georgia,2016,2508493,8.83,2287093.330652984,5.37,5.39% (2.45-6.95%),661 (301-853)
Georgia,2017,2511410,9.09,2283143.4296324,5.37,4.94% (2.23-6.42%),605 (273-786)
Georgia,2018,2506877,7.56,2317451.951459151,5.37,4.71% (2.11-6.14%),586 (262-763)
Georgia,2019,2503881,10.08,2251505.5700129312,5.37,4.75% (2.13-6.19%),574 (258-748)
Hawaii,2010,303872,11.03,270365.41759365867,17.53,4.74% (1.97-6.49%),225 (93-308)
Hawaii,2011,305893,10.87,272655.0333446574,14.05,4.10% (1.69-5.62%),157 (65-215)
Hawaii,2012,307375,11.13,273178.10044069105,9.23,3.95% (1.63-5.42%),100 (41-137)
Hawaii,2013,308747,12.77,269321.3554734375,9.37,4.36% (1.80-5.97%),110 (45-151)
Hawaii,2014,307906,16.00,258627.1219642988,11.71,4.91% (2.03-6.72%),149 (62-203)
Hawaii,2015,308172,9.91,277634.5916878338,11.71,4.85% (2.01-6.63%),158 (65-216)
Hawaii,2016,307166,10.23,275731.3835013739,11.71,5.42% (2.25-7.41%),175 (73-239)
Hawaii,2017,305161,9.78,275309.6865984696,11.71,6.07% (2.53-8.28%),196 (82-267)
Hawaii,2018,302742,10.18,271925.3280140861,11.71,5.37% (2.23-7.35%),171 (71-234)
Hawaii,2019,299868,7.43,277590.31304825225,11.71,5.66% (2.35-7.73%),184 (76-251)
Idaho,2010,429231,9.06,390351.3185853024,10.51,4.65% (1.99-6.23%),191 (82-256)
Idaho,2011,428805,8.88,390712.0757495263,9.05,4.89% (2.12-6.51%),173 (75-230)
Idaho,2012,427830,8.98,389407.26105880406,9.47,5.25% (2.28-6.97%),194 (84-257)
Idaho,2013,428752,9.24,389130.3764900797,8.37,5.44% (2.37-7.20%),177 (77-235)
Idaho,2014,431002,9.17,391461.45356970566,9.75,5.61% (2.45-7.42%),214 (94-283)
Idaho,2015,433551,8.41,397088.6886417772,8.17,5.57% (2.43-7.37%),181 (79-239)
Idaho,2016,437730,8.03,402559.0551187153,8.95,4.83% (2.09-6.44%),174 (75-232)
Idaho,2017,442490,7.71,408361.70562383096,8.00,7.17% (3.21-9.35%),234 (105-306)
Idaho,2019,448201,7.32,415393.82692680525,6.19,4.03% (1.72-5.41%),104 (44-139)
Illinois,2010,3123233,9.75,2818769.4335270408,10.51,17.11% (8.07-21.62%),5069 (2392-6403)
Illinois,2011,3092412,7.36,2864824.6754879323,9.05,16.42% (7.69-20.83%),4257 (1994-5399)
Illinois,2012,3059371,9.32,2774236.91834518,9.47,16.21% (7.56-20.61%),4260 (1988-5417)
Illinois,2013,3024759,7.36,2802150.6256618467,8.37,15.44% (7.15-19.73%),3622 (1676-4627)
Illinois,2014,2992357,8.33,2743172.817599467,9.75,14.94% (6.88-19.15%),3995 (1839-5121)
Illinois,2015,2961889,7.40,2742848.491688858,8.17,13.62% (6.20-17.59%),3053 (1389-3942)
Illinois,2016,2929827,7.32,2715252.797941651,8.95,13.38% (6.07-17.31%),3252 (1475-4206)
Illinois,2017,2895982,5.70,2730942.121466708,8.00,12.12% (5.43-15.79%),2650 (1187-3452)
Illinois,2018,2855050,6.00,2683609.782037565,8.12,13.45% (6.10-17.38%),2929 (1329-3786)
Illinois,2019,2817875,6.90,2623502.601005944,6.19,12.95% (5.85-16.79%),2103 (950-2726)
Indiana,2010,1606162,8.88,1463478.5439221445,11.75,6.48% (2.83-8.57%),1114 (487-1473)
Indiana,2011,1598429,7.96,1471230.788522767,13.04,5.90% (2.57-7.84%),1133 (492-1504)
Indiana,2012,1589767,7.96,1463258.0846427798,8.96,5.73% (2.48-7.61%),750 (325-998)
Indiana,2013,1586023,7.96,1459705.205390627,12.58,6.31% (2.75-8.37%),1159 (505-1537)
Indiana,2014,1582047,7.95,1456258.967040213,12.61,7.29% (3.23-9.56%),1338 (593-1756)
Indiana,2015,1578188,7.50,1459844.8204058069,17.03,6.73% (2.96-8.86%),1672 (737-2203)
Indiana,2016,1575894,8.18,1446936.3783621436,3.51,6.31% (2.75-8.36%),320 (140-424)
Indiana,2017,1572900,6.87,1464824.3450585108,3.46,6.20% (2.71-8.20%),314 (137-416)
Indiana,2018,1570622,8.69,1434187.841811387,3.54,6.67% (2.93-8.79%),338 (149-446)
Indiana,2019,1567974,6.71,1462829.022350403,11.75,5.90% (2.56-7.83%),1014 (441-1346)
Iowa,2010,728224,9.06,662261.5762269343,10.51,3.39% (1.45-4.54%),236 (101-316)
Iowa,2011,726285,8.88,661765.4176974259,9.05,3.23% (1.38-4.34%),193 (82-260)
Iowa,2012,724758,8.98,659668.6247118171,9.47,3.26% (1.39-4.39%),204 (87-274)
Iowa,2013,726370,9.24,659245.0450869015,8.37,3.71% (1.59-4.97%),205 (88-274)
Iowa,2014,728706,9.17,661853.7964672227,9.75,3.54% (1.52-4.75%),229 (98-306)
Iowa,2015,729839,8.41,668458.4084216758,8.17,3.40% (1.45-4.56%),186 (79-249)
Iowa,2016,730843,8.03,672120.8679325779,8.95,3.22% (1.37-4.34%),194 (82-261)
Iowa,2017,731611,7.71,675183.4297117598,8.00,2.72% (1.15-3.68%),147 (62-199)
Iowa,2018,729325,7.35,675741.8001329836,8.12,2.70% (1.14-3.66%),148 (63-201)
Iowa,2019,726841,7.32,673638.0877269485,6.19,1.99% (0.84-2.70%),83 (35-112)
Kansas,2010,727489,7.53,672721.3461453595,6.91,4.19% (1.80-5.60%),195 (84-260)
Kansas,2011,726557,8.83,662383.4212740802,6.69,4.99% (2.16-6.64%),221 (96-294)
Kansas,2012,726376,10.42,650712.193555362,4.85,4.47% (1.92-5.98%),141 (61-189)
Kansas,2013,724239,9.26,657168.0249773912,6.80,4.40% (1.89-5.89%),197 (84-263)
Kansas,2014,722347,8.37,661852.213816173,11.69,4.04% (1.73-5.42%),312 (133-419)
Kansas,2015,720680,8.83,657025.5107910379,11.77,3.70% (1.57-4.98%),286 (122-385)
Kansas,2016,716900,8.92,652945.2120715261,8.58,3.65% (1.55-4.91%),204 (87-275)
Kansas,2017,711857,9.38,645096.9819304468,5.38,3.64% (1.55-4.90%),126 (54-170)
Kansas,2018,705496,7.62,651740.5845366446,5.32,3.66% (1.55-4.93%),127 (54-171)
Kansas,2019,700250,8.68,639494.6438729354,6.80,3.05% (1.29-4.13%),133 (56-180)
Kentucky,2010,1023533,10.62,914873.4477328422,10.51,1.82% (0.77-2.45%),175 (74-235)
Kentucky,2011,1021798,10.20,917602.4300029004,9.05,1.65% (0.70-2.22%),137 (58-185)
Kentucky,2012,1018473,10.20,914616.4894551996,9.47,1.66% (0.71-2.25%),144 (61-195)
Kentucky,2013,1017072,10.20,913358.3533026192,8.37,6.06% (2.65-8.00%),463 (203-612)
Kentucky,2014,1014601,10.79,905114.50752651,9.75,5.98% (2.61-7.91%),527 (230-697)
Kentucky,2015,1012672,10.20,909407.033480098,8.17,6.38% (2.82-8.40%),474 (209-624)
Kentucky,2016,1011692,7.83,932511.5784938252,8.95,6.18% (2.73-8.13%),516 (228-679)
Kentucky,2017,1010420,10.20,907384.6761527528,8.00,5.85% (2.58-7.71%),425 (187-560)
Kentucky,2018,1007203,5.88,947981.6710807608,8.12,5.64% (2.49-7.41%),434 (192-570)
Kentucky,2019,1002871,10.20,900605.4685754314,6.19,6.10% (2.69-8.04%),340 (150-448)
Louisiana,2010,1117831,8.29,1025180.8767329236,10.51,4.73% (2.03-6.32%),509 (219-681)
Louisiana,2011,1116157,8.15,1025212.7383260924,9.05,4.65% (2.00-6.23%),432 (185-578)
Louisiana,2012,1113884,8.15,1023124.9419370402,9.47,4.56% (1.96-6.10%),442 (189-591)
Louisiana,2013,1112430,7.81,1025550.014466545,8.37,3.90% (1.66-5.25%),335 (142-451)
Louisiana,2014,1113756,8.01,1024571.1143338892,9.75,5.82% (2.50-7.78%),581 (250-777)
Louisiana,2015,1114969,8.72,1017721.1557553868,8.17,5.57% (2.38-7.47%),463 (198-622)
Louisiana,2016,1114121,8.15,1023342.6312217764,8.95,5.85% (2.51-7.82%),535 (230-717)
Louisiana,2017,1107332,8.15,1017106.7976602828,8.00,5.39% (2.30-7.23%),439 (187-589)
Louisiana,2018,1096754,8.15,1007390.6911035768,8.12,5.27% (2.25-7.08%),431 (184-579)
Louisiana,2019,1087630,8.15,999010.112901328,6.19,5.31% (2.27-7.13%),328 (140-441)
Maine,2010,273399,7.67,252424.50732608503,11.83,4.03% (1.73-5.40%),120 (52-161)
Maine,2011,269110,7.67,248464.5487603201,6.03,3.92% (1.68-5.25%),59 (25-79)
Maine,2012,265098,7.67,244760.33944209924,6.03,4.70% (2.01-6.31%),69 (30-93)
Maine,2013,262010,7.67,241909.24313734705,6.03,4.11% (1.74-5.54%),60 (25-81)
Maine,2014,259644,7.67,239724.75678467745,6.03,3.46% (1.45-4.69%),50 (21-68)
Maine,2015,256340,7.67,236674.2314637897,4.30,3.44% (1.46-4.63%),35 (15-47)
Maine,2016,254497,7.34,235808.0364014207,5.95,2.94% (1.23-4.00%),41 (17-56)
Maine,2017,252622,8.00,232412.2075380431,6.03,3.49% (1.47-4.72%),49 (21-66)
Maine,2018,250303,7.33,231945.79424948277,7.70,3.59% (1.51-4.86%),64 (27-87)
Maine,2019,248842,9.35,225573.46557383423,6.03,3.15% (1.32-4.27%),43 (18-58)
Maryland,2010,1352627,11.83,1192676.143186027,8.38,6.10% (2.71-7.98%),609 (271-797)
Maryland,2011,1349598,10.49,1208086.1950782896,4.35,6.05% (2.69-7.92%),318 (141-416)
Maryland,2012,1347203,10.24,1209299.4640353492,6.59,8.18% (3.58-10.80%),652 (286-861)
Maryland,2013,1344085,10.73,1199801.8875942773,21.42,7.35% (3.19-9.77%),1889 (820-2511)
Maryland,2014,1346664,9.63,1216986.2701158756,21.12,9.34% (4.10-12.32%),2400 (1053-3168)
Maryland,2015,1346113,10.49,1204966.6139957393,21.33,9.33% (4.09-12.32%),2398 (1052-3166)
Maryland,2016,1345550,10.49,1204462.6472383577,14.75,10.46% (4.64-13.72%),1858 (824-2437)
Maryland,2017,1343930,10.49,1203012.5119862105,14.75,9.52% (4.19-12.55%),1690 (744-2227)
Maryland,2018,1339438,10.49,1198991.519669764,14.75,9.12% (4.00-12.03%),1613 (708-2128)
Maryland,2019,1334687,10.49,1194738.6847420174,14.75,9.03% (3.96-11.91%),1590 (699-2098)
Massachusetts,2010,1417502,9.06,1289104.875457046,10.51,11.19% (4.94-14.72%),1516 (669-1994)
Massachusetts,2011,1410035,8.88,1284774.435301555,9.05,12.74% (5.68-16.67%),1482 (660-1938)
Massachusetts,2012,1403432,8.98,1277391.9809323316,9.47,11.29% (4.99-14.84%),1366 (604-1795)
Massachusetts,2013,1398069,9.24,1268871.3203182942,8.37,10.13% (4.44-13.39%),1076 (471-1422)
Massachusetts,2014,1392767,9.17,1264993.188671789,9.75,10.56% (4.64-13.94%),1303 (572-1719)
Massachusetts,2015,1385700,8.41,1269160.4813526217,8.17,10.30% (4.51-13.61%),1068 (468-1411)
Massachusetts,2016,1378299,8.03,1267554.7554681432,8.95,9.18% (3.99-12.19%),1042 (453-1383)
Massachusetts,2017,1373273,7.71,1267355.4307829672,8.00,8.64% (3.74-11.50%),877 (380-1166)
Massachusetts,2018,1364785,7.35,1264514.822191059,8.12,13.24% (5.73-17.62%),1358 (588-1808)
Massachusetts,2019,1352800,7.32,1253778.4812318182,6.19,12.66% (5.46-16.89%),983 (424-1311)
Michigan,2010,2334175,11.17,2073436.383579588,15.69,4.57% (1.98-6.06%),1485 (645-1973)
Michigan,2011,2301756,9.97,2072198.545097128,12.12,7.49% (3.44-9.61%),1881 (865-2414)
Michigan,2012,2272804,9.42,2058596.413375892,7.38,7.04% (3.21-9.08%),1070 (488-1380)
Michigan,2013,2249312,10.92,2003620.6973632467,10.18,6.81% (3.10-8.80%),1390 (632-1796)
Michigan,2014,2230079,10.21,2002493.7167460269,11.46,6.05% (2.71-7.89%),1389 (621-1811)
Michigan,2015,2209035,7.71,2038729.06323216,8.83,6.68% (3.03-8.65%),1203 (545-1557)
Michigan,2016,2193921,8.85,1999650.72234454,10.47,6.33% (2.85-8.23%),1326 (597-1723)
Michigan,2017,2180747,8.75,1990016.0958257369,9.58,6.14% (2.75-7.99%),1170 (524-1523)
Michigan,2018,2162182,8.55,1977253.8386131905,9.58,5.84% (2.60-7.63%),1106 (493-1446)
Michigan,2019,2143933,7.77,1977383.494311295,5.70,6.19% (2.75-8.11%),697 (310-913)
Minnesota,2010,1283281,5.27,1215611.6711026833,5.76,2.44% (1.04-3.28%),171 (73-230)
Minnesota,2011,1280876,5.27,1213333.490354272,5.76,2.34% (1.00-3.14%),163 (70-219)
Minnesota,2012,1277502,5.27,1210137.406426979,5.76,2.42% (1.04-3.24%),169 (72-226)
Minnesota,2013,1278697,5.27,1211269.3922874162,5.76,7.69% (3.37-10.15%),537 (235-709)
Minnesota,2014,1282686,5.27,1215048.0463437208,4.58,8.53% (3.78-11.19%),474 (210-622)
Minnesota,2015,1285301,6.28,1204629.787194933,6.33,7.77% (3.41-10.26%),593 (260-782)
Minnesota,2016,1292129,6.84,1203691.5886744154,6.85,7.23% (3.15-9.59%),597 (260-791)
Minnesota,2017,1299518,4.51,1240847.5126144183,6.87,7.62% (3.34-10.06%),649 (285-858)
Minnesota,2018,1302437,5.27,1233757.546535767,5.20,7.41% (3.23-9.82%),476 (207-630)
Minnesota,2019,1303157,5.11,1236625.4214472405,3.94,7.46% (3.26-9.86%),364 (159-481)
Mississippi,2010,753561,8.70,688036.6282540825,16.56,0.49% (0.20-0.66%),55 (23-75)
Mississippi,2011,747654,8.84,681532.5772005352,9.73,0.42% (0.18-0.57%),28 (12-38)
Mississippi,2012,741797,9.85,668729.0505340502,8.00,0.33% (0.13-0.44%),17 (7-24)
Mississippi,2013,735536,11.68,649605.069022701,8.24,0.36% (0.15-0.50%),20 (8-27)
Mississippi,2014,731416,11.62,646393.8319720357,13.66,0.40% (0.17-0.54%),35 (15-48)
Mississippi,2015,726342,8.84,662105.379211495,9.73,1.54% (0.65-2.08%),99 (42-134)
Mississippi,2016,720957,6.51,673993.9968056575,9.73,1.30% (0.55-1.77%),85 (36-116)
Mississippi,2017,714501,11.36,633311.4202864569,9.73,1.38% (0.58-1.87%),85 (36-115)
Mississippi,2018,706663,6.49,660769.3080392429,9.73,1.39% (0.58-1.89%),89 (38-121)
Mississippi,2019,698583,7.64,645234.0374487918,9.73,1.40% (0.59-1.89%),88 (37-119)
Missouri,2010,1423978,10.91,1268618.8726398335,10.51,9.62% (4.20-12.74%),1282 (560-1698)
Missouri,2011,1414027,8.64,1291799.193852966,9.05,4.45% (1.98-5.82%),520 (232-681)
Missouri,2012,1404815,10.05,1263566.6010735112,9.47,4.31% (1.91-5.66%),516 (229-677)
Missouri,2013,1397707,7.66,1290633.9710041762,8.37,4.38% (1.95-5.74%),473 (210-620)
Missouri,2014,1393170,11.20,1237090.7810580586,9.75,4.22% (1.87-5.55%),509 (225-669)
Missouri,2015,1389727,8.64,1269599.6740343012,8.17,7.94% (3.49-10.46%),823 (362-1085)
Missouri,2016,1386221,8.63,1266539.1754924569,8.95,7.55% (3.31-9.97%),856 (375-1131)
Missouri,2017,1382921,9.67,1249200.716584932,8.00,6.86% (2.98-9.10%),686 (298-910)
Missouri,2018,1376684,8.38,1261312.7818893446,8.12,6.53% (2.83-8.69%),669 (290-889)
Missouri,2019,1370585,6.94,1275421.5172563,6.19,6.22% (2.69-8.29%),491 (212-654)
Montana,2010,223389,6.89,208001.46475719076,5.78,0.39% (0.16-0.54%),5 (2-6)
Montana,2011,223103,6.75,208038.07915191603,8.01,0.50% (0.20-0.68%),8 (3-11)
Montana,2012,222868,7.65,205817.2160514825,22.65,0.61% (0.25-0.83%),28 (12-39)
Montana,2013,224371,8.20,205974.0652171044,22.63,0.43% (0.18-0.59%),20 (8-28)
Montana,2014,225473,7.11,209432.46997084533,22.26,0.55% (0.22-0.75%),25 (10-35)
Montana,2015,226514,6.33,212178.5083553952,22.26,0.38% (0.16-0.52%),18 (7-25)
Montana,2016,227821,5.79,214635.8863154926,22.26,0.39% (0.16-0.53%),18 (8-25)
Montana,2017,229200,8.57,209566.69390890904,22.26,0.52% (0.21-0.72%),24 (10-33)
Montana,2018,228749,5.32,216569.5756917573,22.26,0.37% (0.15-0.51%),18 (7-25)
Montana,2019,228588,6.69,213285.8109485524,22.26,0.36% (0.15-0.50%),17 (7-24)
Nevada,2010,663320,8.57,606497.0519360182,10.51,22.86% (10.11-30.02%),1457 (644-1913)
Nevada,2011,657704,6.96,611949.1788482178,9.05,22.77% (10.06-29.91%),1261 (557-1656)
Nevada,2012,655360,6.41,613320.2249994474,9.47,29.22% (13.31-37.68%),1697 (774-2189)
Nevada,2013,656208,7.85,604685.146139909,8.37,22.97% (10.16-30.17%),1163 (514-1527)
Nevada,2014,660063,6.75,615494.5381997844,9.75,22.39% (9.88-29.45%),1343 (592-1767)
Nevada,2015,667499,5.78,628942.2181724312,8.17,33.82% (15.77-43.03%),1738 (810-2211)
Nevada,2016,675073,6.48,631361.9233138193,8.95,37.23% (17.73-46.78%),2104 (1002-2644)
Nevada,2017,681535,7.71,628993.8081391759,8.00,38.17% (18.30-47.79%),1922 (921-2406)
Nevada,2018,688242,6.96,640362.7266199614,8.12,36.83% (17.50-46.36%),1914 (909-2409)
Nevada,2019,692639,7.82,638474.2662118956,6.19,34.43% (16.17-43.63%),1361 (639-1724)
New Hampshire,2010,285920,9.04,260072.8360061365,10.51,4.58% (1.94-6.17%),125 (53-169)
New Hampshire,2011,281230,9.04,255806.8119404231,9.05,1.54% (0.63-2.12%),36 (15-49)
New Hampshire,2012,276321,10.38,247650.1891611689,9.47,1.18% (0.48-1.62%),28 (11-38)
New Hampshire,2013,271784,10.50,243259.8679101071,8.37,1.03% (0.42-1.42%),21 (9-29)
New Hampshire,2014,267778,9.59,242085.27560535155,9.75,2.39% (0.99-3.27%),56 (23-77)
New Hampshire,2015,264783,7.20,245715.6147897249,8.17,1.25% (0.52-1.71%),25 (10-34)
New Hampshire,2016,262446,9.04,238720.88527723317,8.95,1.10% (0.45-1.50%),23 (10-32)
New Hampshire,2017,260253,9.04,236726.13244650615,8.00,0.95% (0.39-1.31%),18 (7-25)
New Hampshire,2018,257787,8.49,235913.22701124853,8.12,0.95% (0.39-1.31%),18 (7-25)
New Hampshire,2019,255253,7.24,236776.6575406749,6.19,1.01% (0.41-1.39%),15 (6-20)
New Jersey,2010,2061666,9.01,1875862.2330038692,9.21,12.78% (5.72-16.67%),2209 (989-2881)
New Jersey,2011,2047429,8.66,1870094.2202975536,7.98,10.62% (4.82-13.73%),1586 (720-2051)
New Jersey,2012,2028534,8.75,1851021.871158921,9.03,10.98% (4.92-14.32%),1835 (821-2393)
New Jersey,2013,2011356,8.63,1837694.9951834967,14.08,10.64% (4.75-13.90%),2754 (1230-3597)
New Jersey,2014,1998397,9.39,1810817.4331722676,10.48,14.40% (6.48-18.72%),2733 (1230-3553)
New Jersey,2015,1984003,8.58,1813728.7255271864,9.69,14.17% (6.36-18.45%),2489 (1117-3241)
New Jersey,2016,1971351,8.13,1811097.3114670184,5.31,14.39% (6.47-18.72%),1384 (622-1801)
New Jersey,2017,1963383,8.28,1800801.5939736876,7.81,13.50% (6.03-17.64%),1899 (848-2481)
New Jersey,2018,1951193,7.14,1811864.3495371053,7.76,12.79% (5.69-16.76%),1799 (800-2357)
New Jersey,2019,1938578,8.63,1771200.666800324,9.03,14.13% (6.33-18.41%),2258 (1012-2943)
New Mexico,2010,518510,7.98,477142.1716751053,11.69,10.44% (4.52-13.90%),583 (252-775)
New Mexico,2011,517281,10.03,465392.0333984326,11.83,11.05% (4.80-14.67%),608 (264-807)
New Mexico,2012,513397,7.32,475818.771182269,14.02,11.08% (4.83-14.69%),739 (322-980)
New Mexico,2013,509220,8.20,467455.2240657859,11.46,9.86% (4.26-13.15%),528 (228-704)
New Mexico,2014,503746,6.64,470316.8789582406,11.76,9.80% (4.23-13.07%),542 (234-723)
New Mexico,2015,499114,9.03,454048.79192012665,11.76,9.40% (4.04-12.57%),502 (216-671)
New Mexico,2016,494726,9.86,445958.6487937928,11.76,8.78% (3.76-11.75%),460 (197-616)
New Mexico,2017,488458,9.29,443093.8227401185,11.76,8.13% (3.47-10.92%),423 (181-569)
New Mexico,2018,481824,7.51,445648.4536325725,11.76,8.40% (3.58-11.28%),440 (188-591)
New Mexico,2019,475838,5.44,449960.7718744438,11.76,8.05% (3.43-10.83%),426 (181-573)
New York,2010,4319802,9.06,3928514.964500296,10.28,11.42% (5.18-14.79%),4616 (2093-5975)
New York,2011,4296117,8.88,3914471.124946836,6.16,8.75% (3.99-11.28%),2110 (961-2722)
New York,2012,4265208,8.98,3882156.382502629,6.16,7.46% (3.38-9.65%),1784 (808-2308)
New York,2013,4236806,9.24,3845276.322665384,6.16,7.51% (3.40-9.72%),1779 (806-2303)
New York,2014,4206551,9.17,3820637.8832931146,6.16,7.90% (3.54-10.29%),1859 (833-2422)
New York,2015,4181910,8.41,3830204.8845878206,6.12,8.15% (3.66-10.61%),1911 (858-2488)
New York,2016,4150467,8.03,3816983.240402552,6.14,7.58% (3.38-9.92%),1779 (792-2327)
New York,2017,4113612,7.71,3796338.0248020487,6.18,7.57% (3.37-9.90%),1775 (791-2321)
New York,2018,4070693,7.35,3771620.903724314,6.16,7.52% (3.35-9.82%),1746 (778-2283)
New York,2019,4028299,7.32,3733437.760324994,6.16,7.92% (3.52-10.38%),1822 (809-2388)
North Carolina,2010,2281404,9.06,2074754.7582205927,10.51,2.73% (1.18-3.63%),594 (257-791)
North Carolina,2011,2281547,8.88,2078865.6015907105,9.05,2.48% (1.07-3.32%),467 (201-625)
North Carolina,2012,2280156,8.98,2075378.77836243,9.47,2.34% (1.00-3.14%),461 (197-618)
North Carolina,2013,2280631,9.24,2069874.4254602825,8.37,2.08% (0.88-2.80%),360 (153-485)
North Carolina,2014,2283421,9.17,2073937.716696421,9.75,5.12% (2.22-6.81%),1035 (449-1376)
North Carolina,2015,2287035,8.41,2094691.8102549568,8.17,5.33% (2.32-7.08%),913 (397-1212)
North Carolina,2016,2294081,8.03,2109755.0538592227,8.95,4.92% (2.13-6.55%),929 (401-1238)
North Carolina,2017,2300721,7.71,2123271.377261782,8.00,4.81% (2.07-6.42%),818 (352-1092)
North Carolina,2018,2301812,7.35,2132698.844064996,8.12,4.63% (1.99-6.20%),802 (345-1073)
North Carolina,2019,2300715,7.32,2132308.514523405,6.19,4.92% (2.12-6.56%),649 (280-866)
North Dakota,2010,150410,9.06,136785.884123969,10.51,3.42% (1.42-4.67%),49 (20-67)
North Dakota,2011,152743,8.88,139174.06416951737,9.05,2.91% (1.21-3.97%),37 (15-50)
North Dakota,2012,157324,8.98,143194.97917120185,9.47,3.24% (1.35-4.42%),44 (18-60)
North Dakota,2013,163430,9.24,148327.18548198897,8.37,3.03% (1.26-4.14%),38 (16-51)
North Dakota,2014,168595,9.17,153127.9292545847,9.75,3.27% (1.36-4.45%),49 (20-66)
North Dakota,2015,174184,8.41,159534.85551268316,8.17,3.17% (1.32-4.32%),41 (17-56)
North Dakota,2016,175390,8.03,161297.67819722544,8.95,2.77% (1.15-3.78%),40 (17-55)
North Dakota,2017,176337,7.71,162736.50949081217,8.00,3.62% (1.50-4.93%),47 (20-64)
North Dakota,2018,178055,7.35,164973.37431553614,8.12,3.52% (1.46-4.81%),47 (20-64)
North Dakota,2019,180171,7.32,166982.94111621668,6.19,3.28% (1.36-4.49%),34 (14-46)
Ohio,2010,2723148,7.75,2512220.3367031487,11.16,5.03% (2.24-6.59%),1411 (627-1847)
Ohio,2011,2694339,7.75,2485642.8037596284,12.41,4.69% (2.08-6.15%),1448 (643-1897)
Ohio,2012,2668619,8.54,2440614.6129600247,12.64,4.54% (2.01-5.96%),1401 (620-1839)
Ohio,2013,2653839,7.75,2448279.823988981,8.36,5.95% (2.59-7.89%),1218 (530-1616)
Ohio,2014,2642588,7.75,2437900.295954425,11.22,7.91% (3.56-10.28%),2162 (973-2812)
Ohio,2015,2630983,7.75,2427194.187800392,6.19,7.70% (3.44-10.05%),1158 (518-1512)
Ohio,2016,2617811,6.84,2438648.023699363,6.17,7.34% (3.27-9.61%),1104 (491-1444)
Ohio,2017,2607996,8.62,2383260.644453845,3.48,7.23% (3.21-9.47%),599 (266-786)
Ohio,2018,2593542,7.75,2392653.2661808166,5.79,6.94% (3.07-9.12%),962 (425-1265)
Ohio,2019,2578019,7.70,2379401.4115355094,5.83,6.54% (2.88-8.62%),907 (399-1196)
Oklahoma,2010,931605,9.99,838519.3730155462,10.51,6.16% (2.64-8.27%),543 (232-728)
Oklahoma,2011,936262,9.99,842711.0472982448,9.05,6.42% (2.75-8.61%),490 (210-656)
Oklahoma,2012,940827,8.54,860518.4028127377,9.47,6.48% (2.78-8.69%),529 (226-708)
Oklahoma,2013,949129,11.01,844640.8410859574,8.37,6.27% (2.67-8.44%),444 (189-597)
Oklahoma,2014,954831,11.69,843238.9970795001,9.75,5.54% (2.34-7.48%),455 (193-614)
Oklahoma,2015,961303,9.99,865249.95984131,8.17,10.12% (4.52-13.23%),716 (319-935)
Oklahoma,2016,962044,9.79,867838.1099309134,8.95,9.57% (4.25-12.56%),744 (330-976)
Oklahoma,2017,958437,9.99,862670.3295011309,8.00,9.46% (4.18-12.43%),653 (289-858)
Oklahoma,2018,954563,9.99,859183.4181480765,8.12,8.13% (3.55-10.76%),567 (248-750)
Oklahoma,2019,952238,9.99,857090.7312880219,6.19,7.27% (3.15-9.68%),386 (167-513)
Oregon,2010,866026,7.54,800707.6320420528,10.51,3.00% (1.28-4.01%),252 (108-337)
Oregon,2011,864686,9.41,783286.8182429231,9.05,2.98% (1.28-4.00%),212 (91-283)
Oregon,2012,861047,7.31,798135.8438503172,9.47,3.07% (1.32-4.11%),232 (100-311)
Oregon,2013,857785,8.34,786264.4089447763,8.37,3.32% (1.43-4.43%),218 (94-291)
Oregon,2014,859997,7.18,798245.0529513988,9.75,6.72% (2.92-8.92%),523 (227-694)
Oregon,2015,863265,9.24,783472.8164812642,8.17,7.47% (3.27-9.87%),478 (209-632)
Oregon,2016,870231,5.55,821975.2616674023,8.95,6.87% (2.99-9.12%),506 (220-671)
Oregon,2017,872372,5.75,822191.582072066,8.00,6.56% (2.85-8.71%),432 (187-573)
Oregon,2018,869075,7.20,806466.9450915433,8.12,7.08% (3.09-9.38%),464 (202-614)
Oregon,2019,866562,6.87,807009.715914492,6.19,5.71% (2.46-7.63%),285 (123-381)
Pennsylvania,2010,2786424,9.51,2521353.640034637,6.45,13.64% (6.08-17.84%),2216 (988-2899)
Pennsylvania,2011,2763802,9.98,2487978.3741218355,9.62,13.30% (5.88-17.46%),3182 (1408-4179)
Pennsylvania,2012,2740090,10.34,2456675.3768065874,12.56,11.90% (5.23-15.69%),3671 (1614-4839)
Pennsylvania,2013,2718058,10.17,2441733.232938198,14.31,10.78% (4.70-14.28%),3768 (1644-4991)
Pennsylvania,2014,2703263,10.79,2411492.799759418,12.69,11.28% (4.94-14.90%),3451 (1512-4561)
Pennsylvania,2015,2689649,11.14,2389931.61178055,12.81,11.70% (5.15-15.42%),3581 (1576-4720)
Pennsylvania,2016,2675243,8.78,2440425.938175235,12.62,8.09% (3.52-10.73%),2494 (1086-3307)
Pennsylvania,2017,2664275,8.86,2428170.021844732,12.62,8.80% (3.90-11.55%),2698 (1197-3540)
Pennsylvania,2018,2650621,9.72,2393062.105700257,12.62,6.28% (2.69-8.41%),1897 (813-2540)
Pennsylvania,2019,2634613,7.93,2425775.70633362,12.62,7.15% (3.09-9.52%),2189 (947-2915)
Rhode Island,2010,223489,11.67,197402.15492071948,10.51,11.35% (4.87-15.19%),235 (101-315)
Rhode Island,2011,220535,10.04,198402.24856234,9.05,12.42% (5.36-16.56%),223 (96-297)
Rhode Island,2012,217505,10.04,195676.337422866,9.47,12.16% (5.24-16.24%),225 (97-301)
Rhode Island,2013,214806,11.73,189606.5541126548,8.37,12.26% (5.28-16.37%),195 (84-260)
Rhode Island,2014,212397,11.14,188746.2360355152,9.75,23.94% (11.07-30.62%),441 (204-563)
Rhode Island,2015,210593,9.78,189987.70252465623,8.17,25.16% (11.71-32.03%),390 (182-497)
Rhode Island,2016,208982,9.34,189458.7525494023,8.95,23.77% (10.95-30.45%),403 (186-516)
Rhode Island,2017,206851,10.29,185571.2966746457,8.00,21.63% (9.83-27.94%),321 (146-415)
Rhode Island,2018,205982,7.83,189857.1285903686,8.12,19.94% (9.00-25.86%),307 (139-398)
Rhode Island,2019,204495,8.67,186775.16381095012,6.19,20.32% (9.19-26.31%),235 (106-304)
South Carolina,2010,1079475,9.06,981696.3118457644,10.51,3.59% (1.53-4.82%),370 (158-498)
South Carolina,2011,1075973,8.88,980388.8580600624,9.05,3.35% (1.42-4.51%),297 (126-400)
South Carolina,2012,1076267,8.98,979609.1546595048,9.47,3.13% (1.33-4.23%),291 (123-393)
South Carolina,2013,1077470,9.24,977899.3608350892,8.37,3.06% (1.29-4.14%),251 (106-339)
South Carolina,2014,1083160,9.17,983789.8386749072,9.75,2.61% (1.11-3.51%),250 (107-337)
South Carolina,2015,1091515,8.41,999716.8960118402,8.17,2.48% (1.05-3.34%),202 (86-273)
South Carolina,2016,1097808,8.03,1009600.7840033048,8.95,3.09% (1.30-4.18%),279 (118-377)
South Carolina,2017,1103780,7.71,1018647.841608787,8.00,2.97% (1.25-4.01%),242 (102-327)
South Carolina,2018,1107050,7.35,1025715.5038387816,8.12,3.14% (1.32-4.24%),261 (110-353)
South Carolina,2019,1111183,7.32,1029847.2310102124,6.19,3.15% (1.34-4.26%),201 (85-271)
South Dakota,2010,203209,9.06,184802.35840002404,10.51,2.50% (1.05-3.40%),49 (20-66)
South Dakota,2011,204035,8.88,185909.5355127729,9.05,4.39% (1.86-5.94%),74 (31-100)
South Dakota,2012,205548,8.98,187088.0576306361,9.47,4.39% (1.85-5.93%),78 (33-105)
South Dakota,2013,207812,9.24,188607.77745446423,8.37,4.05% (1.71-5.49%),64 (27-87)
South Dakota,2014,209754,9.17,190510.96220449105,9.75,3.73% (1.57-5.07%),69 (29-94)
South Dakota,2015,211280,8.41,193511.02439213527,8.17,3.68% (1.54-5.00%),58 (24-79)
South Dakota,2016,213716,8.03,196544.2419385269,8.95,3.49% (1.46-4.74%),61 (26-83)
South Dakota,2017,215965,7.71,199308.0877648097,8.00,3.39% (1.42-4.60%),54 (23-73)
South Dakota,2018,216422,7.35,200521.5670220829,8.12,3.30% (1.38-4.49%),54 (22-73)
South Dakota,2019,217101,7.32,201209.75905818224,6.19,2.95% (1.23-4.02%),37 (15-50)
Tennessee,2010,1494703,8.98,1360532.6739615814,10.51,2.85% (1.24-3.78%),407 (177-541)
Tennessee,2011,1491444,9.53,1349255.7503726184,9.05,2.82% (1.22-3.74%),344 (149-457)
Tennessee,2012,1491770,8.15,1370256.8309627622,9.47,2.90% (1.26-3.85%),377 (164-499)
Tennessee,2013,1492094,8.42,1366471.9538008922,8.37,2.55% (1.10-3.39%),291 (126-388)
Tennessee,2014,1495011,9.68,1350228.9856711326,9.75,7.08% (3.11-9.33%),931 (410-1227)
Tennessee,2015,1499134,8.98,1364565.9302528473,8.17,6.71% (2.95-8.84%),748 (329-985)
Tennessee,2016,1502848,8.98,1367946.5472390263,8.95,6.50% (2.86-8.57%),796 (350-1049)
Tennessee,2017,1506518,8.98,1371287.1138354936,8.00,5.68% (2.49-7.51%),624 (273-825)
Tennessee,2018,1508346,8.98,1372951.0254808182,8.12,5.79% (2.54-7.64%),645 (283-852)
Tennessee,2019,1510051,8.98,1374502.9780821742,6.19,5.69% (2.49-7.52%),484 (212-640)
Texas,2010,6877724,7.56,6357486.474461672,12.11,12.07% (5.28-15.96%),9296 (4070-12288)
Texas,2011,6933718,7.99,6379370.832301373,8.43,10.54% (4.59-13.99%),5669 (2467-7522)
Texas,2012,6990855,7.75,6448838.9921266455,4.99,11.40% (4.97-15.11%),3669 (1600-4861)
Texas,2013,7053173,9.03,6416545.305880349,4.99,9.86% (4.26-13.13%),3156 (1365-4204)
Texas,2014,7141397,7.03,6639356.4782398185,5.64,11.15% (4.85-14.80%),4176 (1816-5542)
Texas,2015,7239541,7.88,6669347.174266697,3.71,11.46% (5.00-15.19%),2833 (1235-3755)
Texas,2016,7315517,7.75,6748329.249736312,2.83,11.18% (4.87-14.83%),2132 (928-2828)
Texas,2017,7361663,7.75,6790897.45121248,4.99,11.14% (4.85-14.78%),3774 (1643-5007)
Texas,2018,7375936,7.75,6804063.834857202,4.99,11.37% (4.96-15.07%),3861 (1684-5116)
Texas,2019,7399810,6.80,6896267.53450272,4.99,12.22% (5.38-16.10%),4206 (1853-5540)
Utah,2010,874022,6.88,813919.5077486868,9.31,20.33% (8.96-26.74%),1540 (679-2027)
Utah,2011,881976,6.74,822536.8413386804,11.30,22.19% (9.87-29.03%),2063 (918-2699)
Utah,2012,888604,7.08,825682.9540278923,10.82,21.76% (9.64-28.53%),1943 (861-2549)
Utah,2013,897462,6.12,842506.0942926368,7.88,21.34% (9.45-28.02%),1417 (627-1860)
Utah,2014,903815,6.73,842980.6332606854,7.29,20.26% (8.92-26.68%),1245 (548-1639)
Utah,2015,910626,7.09,846018.8103605228,7.67,20.77% (9.16-27.34%),1349 (595-1775)
Utah,2016,920442,5.83,866758.6576741316,8.83,19.24% (8.45-25.39%),1473 (646-1943)
Utah,2017,927108,6.09,870678.6964571029,8.05,18.00% (7.86-23.83%),1261 (551-1670)
Utah,2018,929678,5.48,878762.2944353047,6.37,17.76% (7.77-23.49%),994 (435-1316)
Utah,2019,931184,5.71,878028.1535233479,3.72,21.76% (9.89-28.15%),711 (323-919)
Vermont,2010,128792,9.94,115985.9809300636,10.51,5.16% (2.20-6.93%),63 (27-85)
Vermont,2011,126988,7.95,116891.48277741038,9.05,4.71% (2.00-6.35%),50 (21-67)
Vermont,2012,124886,8.28,114548.35912398616,9.47,4.36% (1.84-5.89%),47 (20-64)
Vermont,2013,123059,11.03,109483.65212152687,8.37,4.23% (1.79-5.72%),39 (16-52)
Vermont,2014,121497,8.10,111656.39568234,9.75,4.21% (1.78-5.70%),46 (19-62)
Vermont,2015,120051,10.32,107662.24392587692,8.17,4.25% (1.80-5.75%),37 (16-51)
Vermont,2016,118191,8.28,108407.54859009857,8.95,3.83% (1.61-5.19%),37 (16-50)
Vermont,2017,116906,7.29,108377.8522984248,8.00,3.92% (1.65-5.31%),34 (14-46)
Vermont,2018,115394,8.77,105278.17498361508,8.12,3.71% (1.56-5.03%),32 (13-43)
Vermont,2019,114005,8.11,104763.44923869924,6.19,3.74% (1.57-5.07%),24 (10-33)
Virginia,2010,1854866,9.06,1686852.5080878255,10.51,4.14% (1.78-5.54%),734 (315-982)
Virginia,2011,1857141,8.88,1692161.74034713,9.05,4.21% (1.80-5.65%),645 (276-865)
Virginia,2012,1861917,8.98,1694701.1646888372,9.47,4.11% (1.76-5.51%),659 (282-884)
Virginia,2013,1863746,9.24,1691514.4014765648,8.37,3.92% (1.68-5.26%),556 (238-745)
Virginia,2014,1864692,9.17,1693623.3260629915,9.75,3.81% (1.63-5.12%),629 (269-845)
Virginia,2015,1867059,8.41,1710036.4430639711,8.17,3.84% (1.64-5.16%),537 (229-721)
Virginia,2016,1869028,8.03,1718854.420922537,8.95,7.92% (3.46-10.48%),1218 (532-1613)
Virginia,2017,1870586,7.71,1726311.757273745,8.00,7.41% (3.23-9.82%),1025 (447-1358)
Virginia,2018,1866014,7.35,1728918.7391538057,8.12,6.93% (3.02-9.20%),973 (424-1290)
Virginia,2019,1860848,7.32,1724638.659996501,6.19,7.44% (3.26-9.84%),794 (348-1050)
Washington,2010,1582798,6.01,1487608.5226420723,5.26,0.23% (0.10-0.31%),18 (8-24)
Washington,2011,1586247,7.06,1474236.1241083925,4.82,0.20% (0.09-0.28%),15 (6-20)
Washington,2012,1588481,6.66,1482649.907407696,4.71,0.17% (0.07-0.23%),12 (5-16)
Washington,2013,1593352,6.84,1484326.9221178333,5.42,7.07% (3.12-9.30%),569 (251-749)
Washington,2014,1601779,6.51,1497574.4028191743,4.97,11.42% (5.37-14.46%),850 (400-1076)
Washington,2015,1614222,6.75,1505222.4148206834,4.97,11.60% (5.47-14.67%),868 (409-1097)
Washington,2016,1632853,7.29,1513891.840137252,4.97,14.45% (6.65-18.52%),1087 (500-1393)
Washington,2017,1650916,6.75,1539438.6696415383,4.97,14.27% (6.53-18.36%),1092 (500-1404)
Washington,2018,1658124,6.75,1546159.952814502,4.97,14.06% (6.43-18.10%),1081 (494-1391)
Washington,2019,1663061,6.75,1550763.5841997573,4.97,12.63% (5.72-16.36%),974 (441-1261)
Wisconsin,2010,1336986,8.88,1218226.3822813632,10.51,4.12% (1.80-5.46%),528 (231-698)
Wisconsin,2011,1326327,7.62,1225223.3321624217,9.05,3.80% (1.65-5.05%),422 (183-560)
Wisconsin,2012,1316736,7.66,1215938.445167961,9.47,3.92% (1.70-5.20%),451 (196-599)
Wisconsin,2013,1308817,7.73,1207650.5676003732,8.37,3.73% (1.61-4.96%),377 (163-501)
Wisconsin,2014,1302073,10.14,1170005.6717409526,9.75,5.34% (2.39-6.95%),609 (273-793)
Wisconsin,2015,1295105,7.31,1200464.0482438935,8.17,5.10% (2.27-6.66%),500 (223-653)
Wisconsin,2016,1288309,8.27,1181714.5317439665,8.95,4.88% (2.17-6.39%),516 (229-676)
Wisconsin,2017,1283205,7.39,1188398.5912213875,8.00,4.76% (2.11-6.24%),452 (200-593)
Wisconsin,2018,1275040,8.42,1167723.047127938,8.12,4.61% (2.04-6.06%),437 (193-574)
Wisconsin,2019,1266597,4.11,1214573.209193245,6.19,4.42% (1.95-5.83%),333 (146-438)
Wyoming,2010,135486,9.06,123213.69786862616,10.51,2.59% (1.08-3.52%),34 (14-46)
Wyoming,2011,135369,8.88,123343.48475912742,9.05,5.29% (2.21-7.19%),59 (25-80)
Wyoming,2012,136386,8.98,124137.38799702228,9.47,5.86% (2.46-7.96%),69 (29-94)
Wyoming,2013,137672,9.24,124949.52138332244,8.37,6.22% (2.62-8.43%),65 (27-88)
Wyoming,2014,138368,9.17,125673.9838969031,9.75,6.15% (2.59-8.34%),75 (32-102)
Wyoming,2015,139549,8.41,127812.71271723825,8.17,6.01% (2.51-8.17%),63 (26-85)
Wyoming,2016,138740,8.03,127592.45038533014,8.95,6.23% (2.61-8.45%),71 (30-96)
Wyoming,2017,136206,7.71,125700.72651630438,8.00,7.05% (2.96-9.56%),71 (30-96)
Wyoming,2018,134539,7.35,124654.47646535012,8.12,7.05% (2.96-9.57%),71 (30-97)
Wyoming,2019,133734,7.32,123945.01139049082,6.19,6.05% (2.58-8.14%),46 (20-62)
